/*Test data for Inventory_items
-----------------------------------------------------------------------------------*/

INSERT INTO Inventory_items (Item_ID, Item_name, Item_cost, Item_category) VALUES
(1,'voluptatem',4453.06,'Product'),
(2,'Tomato',8557.33,'Product'),
(3,'deleniti',2291.38,'Product'),
(4,'ut',4526.09,'Product'),
(5,'repudiandae',8372.36,'Product'),
(6,'voluptatibus',3170.46,'Product'),
(7,'tenetur',3992.47,'Product'),
(8,'nulla',6560.20,'Product'),
(9,'et',8195.56,'Product'),
(10,'occaecati',9470.60,'Product'),
(11,'odit',2864.61,'Product'),
(12,'est',7839.92,'Product'),
(13,'voluptatibus',5995.94,'Product'),
(14,'eius',7212.17,'Product'),
(15,'a',1089.57,'Product'),
(16,'laboriosam',1131.30,'Product'),
(17,'doloremque',6059.60,'Product'),
(18,'occaecati',5345.89,'Product'),
(19,'cupiditate',6773.17,'Product'),
(20,'nisi',4299.54,'Product'),
(21,'nostrum',4281.15,'Product'),
(22,'quis',8396.00,'Product'),
(23,'animi',7397.81,'Product'),
(24,'aut',9839.75,'Product'),
(25,'sequi',7873.88,'Product'),
(26,'et',1464.02,'Product'),
(27,'voluptatum',499.70,'Product'),
(28,'vero',7761.42,'Product'),
(29,'laboriosam',4373.36,'Product'),
(30,'et',1032.07,'Product'),
(31,'maxime',3288.17,'Product'),
(32,'doloribus',3378.30,'Product'),
(33,'voluptatem',3479.00,'Product'),
(34,'vel',3590.26,'Product'),
(35,'reprehenderit',7251.94,'Product'),
(36,'veritatis',3417.99,'Product'),
(37,'sunt',6463.48,'Product'),
(38,'voluptatibus',409.08,'Product'),
(39,'qui',886.00,'Product'),
(40,'eius',7246.23,'Product'),
(41,'perspiciatis',4887.63,'Product'),
(42,'error',1909.40,'Product'),
(43,'ea',942.27,'Product'),
(44,'nam',8782.10,'Product'),
(45,'adipisci',8878.65,'Product'),
(46,'odit',8810.78,'Product'),
(47,'esse',1380.25,'Product'),
(48,'reiciendis',9221.44,'Product'),
(49,'magni',9040.60,'Product'),
(50,'necessitatibus',4076.73,'Ingredient'),
(51,'est',1720.25,'Ingredient'),
(52,'neque',6292.78,'Ingredient'),
(53,'nesciunt',4826.04,'Ingredient'),
(54,'quos',3373.78,'Ingredient'),
(55,'aliquam',3035.33,'Ingredient'),
(56,'vero',842.19,'Ingredient'),
(57,'voluptatem',8895.55,'Ingredient'),
(58,'aliquid',5282.59,'Ingredient'),
(59,'qui',8092.89,'Ingredient'),
(60,'voluptatibus',2267.35,'Other'),
(61,'quos',332.48,'Ingredient'),
(62,'dignissimos',933.15,'Ingredient'),
(63,'corporis',5910.00,'Ingredient'),
(64,'ea',1758.96,'Packaging'),
(65,'incidunt',320.56,'Ingredient'),
(66,'ducimus',4441.56,'Ingredient'),
(67,'corporis',922.25,'Ingredient'),
(68,'voluptatibus',6735.00,'Ingredient'),
(69,'nesciunt',978.22,'Ingredient'),
(70,'dolor',2274.56,'Packaging'),
(71,'qui',777.17,'Ingredient'),
(72,'saepe',7369.28,'Ingredient'),
(73,'rerum',2077.44,'Ingredient'),
(74,'maiores',9825.26,'Packaging'),
(75,'quo',4228.42,'Ingredient'),
(76,'voluptas',473.10,'Ingredient'),
(77,'deleniti',9907.44,'Ingredient'),
(78,'suscipit',2334.29,'Ingredient'),
(79,'rerum',7863.91,'Ingredient'),
(80,'ipsam',2327.70,'Ingredient'),
(81,'non',1895.87,'Ingredient'),
(82,'deleniti',9824.98,'Ingredient'),
(83,'explicabo',3922.28,'Ingredient'),
(84,'corrupti',1376.10,'Ingredient'),
(85,'mollitia',4904.19,'Other'),
(86,'ut',7640.65,'Ingredient'),
(87,'nihil',7737.80,'Other'),
(88,'iure',8306.65,'Ingredient'),
(89,'deleniti',9289.21,'Ingredient'),
(90,'sunt',6381.25,'Ingredient'),
(91,'ad',9092.80,'Ingredient'),
(92,'fugiat',2040.22,'Ingredient'),
(93,'in',9753.34,'Ingredient'),
(94,'veniam',7560.55,'Ingredient'),
(95,'labore',8412.61,'Ingredient'),
(96,'ex',8525.05,'Ingredient'),
(97,'repellat',5037.95,'Ingredient'),
(98,'quae',9473.10,'Ingredient'),
(99,'eos',5281.09,'Packaging'),
(100,'necessitatibus',4719.09,'Ingredient'),
(101,'ex',1751.47,'Ingredient'),
(102,'saepe',6307.44,'Ingredient'),
(103,'ex',7951.01,'Ingredient'),
(104,'aut',2471.60,'Ingredient'),
(105,'ducimus',1274.65,'Ingredient'),
(106,'molestias',3114.59,'Other'),
(107,'et',8295.00,'Ingredient'),
(108,'quaerat',6036.58,'Ingredient'),
(109,'quae',1195.90,'Ingredient'),
(110,'labore',7717.48,'Ingredient'),
(111,'consequatur',420.49,'Ingredient'),
(112,'sed',5239.71,'Ingredient'),
(113,'facilis',6793.26,'Ingredient'),
(114,'neque',1632.88,'Ingredient'),
(115,'a',4732.89,'Ingredient'),
(116,'quod',8988.73,'Ingredient'),
(117,'temporibus',4699.73,'Ingredient'),
(118,'cupiditate',3936.86,'Ingredient'),
(119,'dicta',1538.18,'Ingredient'),
(120,'cumque',7318.15,'Ingredient'),
(121,'ut',7213.35,'Ingredient'),
(122,'aperiam',8738.63,'Ingredient'),
(123,'commodi',5495.90,'Ingredient'),
(124,'non',605.00,'Ingredient'),
(125,'vitae',5889.73,'Ingredient'),
(126,'sint',538.80,'Ingredient'),
(127,'tempore',535.69,'Ingredient'),
(128,'ut',9321.22,'Ingredient'),
(129,'explicabo',4355.57,'Ingredient'),
(130,'iste',6419.96,'Packaging'),
(131,'voluptatibus',1391.83,'Ingredient'),
(132,'et',1451.95,'Ingredient'),
(133,'dignissimos',2945.00,'Packaging'),
(134,'voluptatum',5401.47,'Ingredient'),
(135,'architecto',5675.10,'Ingredient'),
(136,'iste',8928.43,'Ingredient'),
(137,'molestiae',7354.01,'Ingredient'),
(138,'debitis',5517.00,'Ingredient'),
(139,'neque',2227.03,'Ingredient'),
(140,'explicabo',7114.61,'Ingredient'),
(141,'culpa',158.06,'Ingredient'),
(142,'voluptas',3848.50,'Ingredient'),
(143,'explicabo',6462.08,'Packaging'),
(144,'culpa',9673.69,'Ingredient'),
(145,'voluptatibus',4548.70,'Packaging'),
(146,'ratione',8035.76,'Ingredient'),
(147,'quia',3903.39,'Ingredient'),
(148,'ut',9567.13,'Ingredient'),
(149,'temporibus',5750.91,'Ingredient'),
(150,'incidunt',7392.50,'Ingredient'),
(151,'temporibus',1840.84,'Ingredient'),
(152,'nesciunt',8708.94,'Ingredient'),
(153,'et',1308.75,'Ingredient'),
(154,'magnam',9096.60,'Ingredient'),
(155,'officia',8849.57,'Ingredient'),
(156,'vitae',3557.24,'Ingredient'),
(157,'iusto',9021.66,'Ingredient'),
(158,'delectus',8460.70,'Ingredient'),
(159,'eligendi',6263.00,'Ingredient'),
(160,'voluptatem',2167.25,'Ingredient'),
(161,'asperiores',12.00,'Ingredient'),
(162,'facilis',5815.56,'Ingredient'),
(163,'est',6755.32,'Ingredient'),
(164,'voluptate',3009.36,'Ingredient'),
(165,'ut',7919.98,'Ingredient'),
(166,'qui',8796.47,'Ingredient'),
(167,'ex',6999.79,'Other'),
(168,'inventore',3841.43,'Other'),
(169,'fugiat',1387.07,'Ingredient'),
(170,'dolor',545.72,'Ingredient'),
(171,'quasi',9765.21,'Ingredient'),
(172,'reprehenderit',4043.59,'Ingredient'),
(173,'repudiandae',9640.72,'Ingredient'),
(174,'dolor',1172.63,'Other'),
(175,'temporibus',3955.30,'Other'),
(176,'et',1750.19,'Packaging'),
(177,'odio',6082.85,'Packaging'),
(178,'voluptatem',7646.76,'Ingredient'),
(179,'sit',7257.39,'Ingredient'),
(180,'inventore',9090.34,'Ingredient'),
(181,'autem',6279.88,'Ingredient'),
(182,'optio',3671.91,'Ingredient'),
(183,'distinctio',1016.74,'Packaging'),
(184,'sit',1560.76,'Packaging'),
(185,'veniam',3884.08,'Ingredient'),
(186,'unde',2329.20,'Ingredient'),
(187,'incidunt',9098.29,'Ingredient'),
(188,'autem',7861.40,'Ingredient'),
(189,'quod',8138.26,'Ingredient'),
(190,'quo',4404.00,'Ingredient'),
(191,'reprehenderit',3993.48,'Packaging'),
(192,'omnis',5066.22,'Ingredient'),
(193,'unde',954.36,'Ingredient'),
(194,'quidem',2077.24,'Product'),
(195,'quam',2924.93,'Packaging'),
(196,'nihil',389.94,'Ingredient'),
(197,'voluptatibus',6895.42,'Ingredient'),
(198,'vel',7734.43,'Ingredient'),
(199,'molestiae',417.27,'Other'),
(200,'possimus',4747.10,'Packaging');

/*Test data for Products
-----------------------------------------------------------------------------------*/

INSERT INTO Products (Product_ID, Item_ID, Product_category, Product_price, Product_shelf_life_seconds) VALUES
(1,20,'Pastry',43.62,1978051),
(2,1,'Other',7503.65,8117289),
(3,17,'Pastry',6798.09,14213585),
(4,49,'Bread',3246.36,6202701),
(5,25,'Pastry',9910.65,2409369),
(6,39,'Pastry',3118.13,10308499),
(7,45,'Cake',5761.77,7090952),
(8,44,'Cake',422.55,4184945),
(9,35,'Bread',5761.21,5625909),
(10,19,'Cake',4322.22,3365667),
(11,28,'Pastry',2571.36,508219),
(12,12,'Pastry',3965.92,11574572),
(13,29,'Bread',1306.00,3204354),
(14,14,'Other',7316.96,198804),
(15,2,'Pastry',6784.98,5191791),
(16,24,'Pastry',2983.60,9068287),
(17,7,'Pastry',741.20,6081665),
(18,4,'Pastry',3785.76,12974230),
(19,18,'Other',1377.40,11789541),
(20,30,'Pastry',3985.83,9415675),
(21,27,'Other',7122.80,9182178),
(22,5,'Other',724.02,11045939),
(23,6,'Pastry',8454.68,3070528),
(24,15,'Bread',2452.48,9064616),
(25,43,'Other',3011.91,4248524),
(26,47,'Bread',407.25,16537468),
(27,31,'Bread',4792.00,8539202),
(28,48,'Cake',5607.25,875449),
(29,32,'Bread',8166.50,5211388),
(30,13,'Bread',1076.63,10247880),
(31,34,'Cake',6062.82,11657845),
(32,22,'Bread',4730.33,1952103),
(33,26,'Pastry',2230.98,2456538),
(34,23,'Bread',422.88,2114065),
(35,38,'Cake',7062.39,15248285),
(36,37,'Cake',4221.41,10513080),
(37,40,'Other',2061.40,13416119),
(38,10,'Other',2120.92,16508733),
(39,42,'Bread',1256.46,9585602),
(40,11,'Cake',9502.26,5324770),
(41,41,'Pastry',1949.20,16201258),
(42,21,'Bread',423.47,3345725),
(43,9,'Cake',4389.77,12209717),
(44,46,'Pastry',6516.52,12189954),
(45,8,'Pastry',9824.10,2695414),
(46,16,'Pastry',1478.82,13659791),
(47,33,'Cake',902.46,9711554),
(48,36,'Other',3001.00,10411161),
(49,3,'Bread',3296.78,12253402);

/*Test data for Product_ingredients
-----------------------------------------------------------------------------------*/

INSERT INTO Product_ingredients (Product_ID, Ingredient_ID, Ingredient_quantity) VALUES
(17,98,97),
(44,170,362),
(14,166,21),
(23,54,681),
(22,119,106),
(23,119,284),
(11,51,217),
(14,60,481),
(46,53,621),
(18,170,407),
(32,94,688),
(34,56,153),
(31,55,364),
(47,125,524),
(45,175,259),
(8,164,636),
(41,57,333),
(12,127,395),
(24,127,15),
(32,182,267),
(26,66,361),
(8,143,12),
(39,87,446),
(26,124,360),
(41,88,414),
(17,121,203),
(45,163,159),
(9,65,75),
(35,67,80),
(20,169,304),
(36,73,198),
(30,92,58),
(33,141,432),
(15,63,185),
(34,158,549),
(43,80,455),
(6,155,189),
(35,75,626),
(22,156,162),
(1,52,561),
(27,133,624),
(25,111,481),
(18,120,444),
(29,115,354),
(32,174,72),
(15,79,44),
(43,152,307),
(3,111,209),
(4,58,549),
(48,146,360),
(19,157,263),
(21,144,376),
(10,113,171),
(47,186,395),
(38,150,202),
(9,173,487),
(11,85,415),
(48,119,31),
(42,177,181),
(37,75,525),
(46,80,247),
(31,75,598),
(39,94,675),
(14,128,130),
(11,139,472),
(7,153,251),
(37,150,110),
(39,161,488),
(41,52,320),
(29,121,374),
(2,76,685),
(47,189,140),
(35,173,301),
(12,150,319),
(1,56,322),
(26,150,597),
(33,54,139),
(46,173,311),
(47,112,176),
(37,136,87),
(22,173,341),
(41,111,219),
(31,84,227),
(29,69,317),
(24,161,400),
(34,130,483),
(35,99,278),
(19,182,32),
(29,83,398),
(42,90,323),
(41,159,528),
(43,185,406),
(18,145,24),
(28,142,484),
(32,151,56),
(27,108,696),
(6,92,626),
(16,159,314),
(19,80,92),
(9,133,250),
(25,153,619),
(16,182,522),
(49,136,150),
(36,95,444),
(28,98,355),
(14,168,272),
(36,167,504),
(34,93,513),
(23,118,181),
(21,71,484),
(35,107,215),
(10,116,412),
(8,136,681),
(46,113,293),
(28,112,345),
(19,160,675),
(11,97,405),
(22,175,262),
(5,113,197),
(32,164,188),
(47,190,251),
(11,61,372),
(6,130,324),
(40,121,167),
(46,131,320),
(7,107,16),
(32,119,156),
(14,61,508),
(6,71,260),
(47,167,506),
(32,86,153),
(46,77,459),
(1,190,479),
(48,61,124),
(21,150,680),
(23,73,145),
(17,92,462),
(22,73,620),
(43,148,449),
(41,132,595),
(46,61,346),
(19,154,262),
(42,184,537),
(39,117,124),
(38,101,218),
(16,119,69),
(44,148,333),
(25,54,362),
(43,129,288),
(18,76,202),
(43,169,551),
(10,95,311),
(35,158,633),
(40,95,132),
(13,184,575),
(6,123,624),
(37,182,331),
(19,117,41),
(15,65,139),
(12,176,73),
(18,84,485),
(40,166,410),
(29,170,289),
(38,109,239),
(21,60,517),
(29,169,557),
(49,122,512),
(44,108,390),
(13,102,295),
(22,183,471),
(43,128,210),
(11,114,259),
(24,116,126),
(16,155,349),
(24,105,529),
(3,98,372),
(48,85,285),
(7,58,382),
(13,69,631),
(2,63,416),
(47,148,370),
(41,126,361),
(12,56,48),
(43,97,20),
(10,79,574),
(10,135,694),
(15,82,346),
(5,54,619),
(26,177,106),
(22,114,195),
(33,176,241),
(48,55,478),
(27,116,88),
(27,69,463),
(44,131,640),
(37,69,209),
(34,176,459),
(34,162,570),
(35,131,27),
(1,142,434),
(22,123,364),
(4,133,503),
(31,185,520),
(19,186,43),
(9,183,593),
(40,165,387),
(2,121,190),
(44,140,470),
(34,72,206),
(20,98,282),
(1,189,347),
(45,143,631),
(44,96,345),
(16,95,652),
(44,79,60),
(43,140,450),
(12,81,114),
(31,57,55),
(31,138,627),
(40,70,470),
(43,111,435),
(49,99,273),
(45,79,251),
(40,109,92),
(19,155,205),
(1,50,633),
(45,66,157),
(2,56,536),
(25,75,530),
(31,130,522),
(48,167,33),
(41,107,56),
(45,104,452),
(15,60,96),
(28,106,342),
(49,80,564),
(20,141,462),
(10,81,517),
(33,62,428),
(32,189,487),
(24,71,13),
(40,116,526),
(8,92,365),
(44,97,188),
(42,77,81),
(44,54,303),
(11,165,278),
(3,113,188),
(23,100,514),
(14,184,497);

/*Test data for Branches
-----------------------------------------------------------------------------------*/

INSERT INTO Branches (Branch_ID, Branch_name, Branch_phone_number, Branch_city) VALUES
(1,'sed','209.067.3346x19','Abbottfort'),
(2,'voluptatum','(836)539-6405x8','East Keeley'),
(3,'quas','472.327.8523x73','Vaughnland'),
(4,'est','1-058-509-4337','South Katarina'),
(5,'sit','686.969.2585','Margareteton'),
(6,'impedit','(780)151-9755','Wuckertburgh'),
(7,'illum','(440)683-7021','Bahringershire'),
(8,'repudiandae','906.974.2603x14','Lake Jonatanshire'),
(9,'sed','914-677-8339x29','Loweburgh'),
(10,'aut','632-349-4045x49','Joneston'),
(11,'natus','(208)176-3730','New Tomland'),
(12,'sapiente','784.178.8504','Cartwrightland'),
(13,'est','06674698474','New Deion'),
(14,'voluptatem','778.696.0719','West Madelynn'),
(15,'neque','02294813821','Lake Darbyton'),
(16,'maiores','305-762-7144x90','West Brooklyn'),
(17,'autem','065-458-4231x77','East Nadia'),
(18,'velit','858.769.8430x32','North Magnusmouth'),
(19,'quam','364-403-0148','Brennonborough'),
(20,'dolorem','06971784372','Lindgrenside');

/*Test data for Sales
-----------------------------------------------------------------------------------*/

INSERT INTO Sales (Sale_ID, Branch_ID, Sale_price, Sale_date_time, Is_card_payment) VALUES
(1,14,6770.51,'2025-12-04',0),
(2,17,2809.81,'1999-06-09',0),
(3,1,2697.25,'2013-12-05',0),
(4,3,4479.87,'2025-12-01',0),
(5,16,8427.91,'2005-06-07',0),
(6,15,2901.05,'1983-01-04',0),
(7,5,1383.32,'1997-01-20',1),
(8,2,8535.71,'1987-04-08',0),
(9,4,7324.30,'1984-01-17',1),
(10,1,1292.58,'1995-10-01',1),
(11,11,1196.10,'1997-07-30',0),
(12,15,4214.02,'1981-02-14',0),
(13,10,4789.27,'1978-07-12',1),
(14,6,3086.03,'2025-12-04',0),
(15,5,9591.50,'2016-11-23',0),
(16,7,3167.96,'1991-01-30',1),
(17,12,6768.70,'2003-01-10',1),
(18,18,8740.94,'2025-12-13',1),
(19,16,2161.60,'1989-10-22',1),
(20,1,6275.00,'2009-01-25',0),
(21,6,6187.96,'2014-08-09',0),
(22,13,3512.74,'1984-10-28',1),
(23,13,7735.31,'1984-08-18',1),
(24,10,8489.77,'2020-08-19',1),
(25,16,8795.30,'1988-08-30',1),
(26,10,8996.74,'2025-12-09',0),
(27,9,7050.85,'1989-01-26',1),
(28,4,3433.44,'2021-10-01',1),
(29,16,9737.15,'2025-12-30',1),
(30,15,1906.10,'1983-02-13',0),
(31,12,8204.86,'2018-11-20',0),
(32,18,8054.00,'1976-08-14',0),
(33,9,3805.42,'1990-01-21',1),
(34,19,4324.07,'1989-03-06',1),
(35,14,641.07,'2018-10-19',1),
(36,12,9550.52,'1984-12-12',0),
(37,2,1243.65,'2007-08-12',0),
(38,5,7212.90,'2022-01-11',0),
(39,12,269.82,'2013-10-24',0),
(40,17,1647.56,'1996-12-25',0),
(41,19,8468.81,'2022-06-28',0),
(42,20,8701.76,'1999-08-13',1),
(43,14,2863.56,'1972-11-21',1),
(44,2,7004.70,'1974-02-19',0),
(45,6,1589.91,'2017-05-17',1),
(46,13,871.49,'2012-01-22',1),
(47,3,5567.79,'2009-01-29',0),
(48,1,6102.00,'1985-01-18',1),
(49,18,8310.26,'2002-02-21',1),
(50,18,389.92,'1986-07-19',0),
(51,15,8708.50,'2015-10-13',0),
(52,5,8991.07,'1997-06-20',0),
(53,17,6811.37,'1974-10-24',1),
(54,9,4739.00,'1972-03-25',1),
(55,13,3697.00,'1987-07-06',1),
(56,3,3649.84,'2003-07-08',1),
(57,1,7490.37,'1989-12-01',0),
(58,19,1700.79,'1978-07-11',1),
(59,12,2102.02,'1990-04-09',0),
(60,5,3909.38,'1970-05-03',0),
(61,3,5368.07,'1974-08-30',1),
(62,2,3490.75,'1975-02-13',1),
(63,15,1618.90,'2004-02-21',0),
(64,9,1916.20,'2025-12-01',0),
(65,16,5636.63,'1977-09-03',1),
(66,9,5223.57,'2011-03-02',0),
(67,1,7815.79,'1994-11-23',0),
(68,2,6864.65,'2002-01-17',0),
(69,11,3328.67,'1989-02-22',0),
(70,12,3371.64,'2009-11-24',1),
(71,19,7232.00,'2025-12-07',0),
(72,11,5129.00,'2025-12-16',1),
(73,6,7132.04,'1994-05-03',0),
(74,13,4815.50,'1979-02-05',0),
(75,20,9270.44,'2023-09-08',0),
(76,7,7482.84,'1972-10-31',1),
(77,2,7959.00,'1982-10-11',1),
(78,17,1031.55,'1977-04-28',0),
(79,12,133.19,'1990-06-16',0),
(80,3,9803.00,'1978-06-19',1),
(81,2,4801.88,'1999-09-28',0),
(82,16,3136.85,'2016-08-01',0),
(83,2,4453.50,'2000-03-07',1),
(84,15,1017.77,'1982-07-14',0),
(85,11,6367.49,'1996-01-10',0),
(86,19,6801.44,'1987-01-22',0),
(87,4,4727.90,'2005-03-11',0),
(88,9,7164.00,'2025-12-21',0),
(89,15,8244.54,'2024-07-08',1),
(90,15,3365.82,'2026-01-20',1),
(91,13,6597.26,'1980-03-09',1),
(92,10,3754.41,'2015-04-12',0),
(93,15,5367.26,'2026-01-01',1),
(94,8,6121.61,'2026-01-06',0),
(95,15,7657.29,'2010-01-19',0),
(96,3,7296.95,'1995-03-31',0),
(97,7,563.64,'2024-02-21',1),
(98,19,6647.28,'1977-04-17',1),
(99,18,3710.64,'1990-09-02',1),
(100,3,8944.90,'2020-01-17',1),
(101,2,8060.10,'2009-08-26',1),
(102,1,8883.14,'2025-05-14',0),
(103,6,7564.19,'2003-06-03',0),
(104,5,5159.00,'1982-03-02',1),
(105,1,7262.09,'2017-10-17',1),
(106,3,4886.66,'1999-01-17',0),
(107,17,2636.09,'2008-07-01',1),
(108,13,7069.85,'2017-11-05',1),
(109,8,5688.00,'1992-07-04',1),
(110,10,2035.51,'2012-06-04',0),
(111,3,8403.09,'2026-01-03',0),
(112,3,151.44,'1975-08-18',0),
(113,18,4362.55,'2026-01-02',1),
(114,8,3487.30,'2012-04-26',0),
(115,10,9453.88,'1992-02-04',0),
(116,6,8032.23,'2008-04-18',1),
(117,16,4252.53,'2026-02-14',1),
(118,8,5594.97,'1978-01-21',1),
(119,8,1269.19,'2012-05-19',1),
(120,15,4779.00,'2007-12-28',1),
(121,13,6972.85,'1997-10-07',1),
(122,7,419.37,'1978-03-17',1),
(123,9,8747.33,'1979-08-02',0),
(124,15,6801.58,'2001-04-29',0),
(125,12,1677.98,'2010-09-15',0),
(126,5,873.31,'2018-08-01',1),
(127,7,8134.00,'2026-01-30',1),
(128,17,5435.07,'2026-02-26',0),
(129,9,6569.11,'2025-08-30',1),
(130,4,1490.31,'2005-04-18',1),
(131,7,7006.19,'2010-03-02',1),
(132,18,2850.89,'1988-03-19',1),
(133,20,2005.38,'1997-12-31',1),
(134,15,1463.14,'1987-05-06',1),
(135,19,2819.38,'2018-07-04',0),
(136,10,4221.35,'2005-11-12',1),
(137,12,5849.10,'2014-08-05',1),
(138,20,8945.64,'2008-09-13',0),
(139,12,4239.51,'1995-09-09',1),
(140,11,1150.68,'2009-03-15',1),
(141,3,7302.57,'1988-02-06',0),
(142,1,5836.40,'2014-07-13',0),
(143,7,6510.78,'1979-11-21',1),
(144,13,7785.10,'1978-11-02',0),
(145,19,8178.20,'2026-02-14',1),
(146,13,2801.79,'1976-08-30',1),
(147,20,7022.00,'1992-02-18',1),
(148,6,7953.65,'2010-07-08',1),
(149,2,4223.27,'2015-12-29',1),
(150,8,7221.00,'2026-02-01',0),
(151,18,4780.04,'1987-09-16',0),
(152,14,8256.86,'2026-02-27',0),
(153,16,4352.01,'2024-05-30',1),
(154,2,2277.12,'1977-12-05',1),
(155,5,7819.04,'1979-09-02',0),
(156,12,4906.95,'1993-01-23',1),
(157,20,6201.52,'1984-10-04',0),
(158,15,8392.34,'2017-06-21',1),
(159,14,6481.00,'1993-10-17',1),
(160,4,4160.63,'1980-05-22',0),
(161,13,8347.00,'2001-04-09',1),
(162,4,4325.59,'1992-09-15',1),
(163,17,1926.00,'1988-12-09',0),
(164,8,3290.96,'1976-07-25',1),
(165,14,107.40,'2016-09-09',1),
(166,1,7575.07,'1986-11-25',1),
(167,14,886.46,'2004-12-30',0),
(168,4,5578.02,'1994-08-15',1),
(169,5,7129.39,'1976-04-30',1),
(170,13,138.75,'1986-10-16',1),
(171,20,900.41,'1981-02-22',1),
(172,7,8424.78,'1995-06-15',0),
(173,19,6917.73,'2026-02-19',1),
(174,15,8038.00,'2025-03-18',1),
(175,5,4386.68,'2011-12-24',0),
(176,5,1411.57,'2015-02-20',1),
(177,4,1983.96,'1989-12-07',0),
(178,7,246.82,'2008-07-05',1),
(179,15,7093.57,'2018-08-05',0),
(180,9,5250.25,'1988-02-20',1),
(181,1,5073.37,'2017-12-02',0),
(182,20,9189.00,'2009-12-02',0),
(183,3,6999.07,'1993-11-26',0),
(184,19,4068.63,'2025-09-03',0),
(185,7,8786.25,'2011-10-04',0),
(186,16,9945.90,'1970-03-26',1),
(187,19,892.00,'2008-11-01',0),
(188,14,9164.39,'1976-04-02',0),
(189,11,2096.47,'2025-10-18',0),
(190,4,37.00,'2025-01-25',1),
(191,16,8338.27,'2020-01-10',0),
(192,18,5206.34,'1970-01-16',0),
(193,17,7835.40,'1976-07-17',0),
(194,18,9610.30,'2005-04-01',0),
(195,19,2591.18,'2002-03-25',1),
(196,2,128.82,'1998-04-08',0),
(197,10,15.62,'1972-09-01',1),
(198,18,665.00,'2003-06-23',1),
(199,18,2981.41,'1972-01-31',0),
(200,12,2840.00,'2003-09-26',1),
(201,4,5423.98,'1987-12-07',0),
(202,2,5652.99,'1987-05-15',0),
(203,14,7794.70,'1982-06-20',1),
(204,19,9035.50,'1990-04-13',1),
(205,3,1260.00,'2001-06-06',0),
(206,11,7327.92,'1993-06-04',1),
(207,16,5573.86,'1973-11-24',1),
(208,8,9172.54,'1986-08-17',0),
(209,9,704.70,'2025-05-03',0),
(210,19,72.44,'1985-01-06',0),
(211,19,9646.00,'1986-05-20',1),
(212,15,6738.38,'1991-07-07',1),
(213,6,6602.86,'2009-11-24',1),
(214,3,3237.97,'2015-06-12',1),
(215,17,7247.99,'1997-07-01',1),
(216,7,5491.07,'1987-05-10',0),
(217,1,9498.99,'1989-11-05',0),
(218,6,2909.43,'2010-04-30',1),
(219,7,2358.20,'2024-12-11',0),
(220,12,2624.93,'2012-05-27',0),
(221,4,2421.34,'2025-11-02',0),
(222,17,61.10,'1987-11-04',0),
(223,16,6918.38,'1971-09-09',1),
(224,9,5767.00,'2025-05-23',1),
(225,6,9376.60,'1971-04-19',1),
(226,3,2562.50,'1990-12-13',0),
(227,18,6619.90,'1977-08-19',1),
(228,9,3677.00,'2022-05-14',0),
(229,5,9205.50,'1989-08-23',1),
(230,19,7859.18,'2022-05-18',0),
(231,17,8669.12,'1972-03-17',1),
(232,4,9880.54,'2016-08-17',1),
(233,16,7946.95,'1970-06-02',1),
(234,7,9296.80,'1985-06-09',0),
(235,15,7052.17,'2002-12-29',1),
(236,16,1569.04,'1973-11-12',0),
(237,5,2.53,'2003-07-16',0),
(238,18,9754.92,'1986-11-12',1),
(239,6,6998.66,'2003-12-24',0),
(240,10,9264.18,'1979-09-28',0),
(241,18,436.38,'1974-06-16',0),
(242,10,2837.36,'1998-07-31',1),
(243,18,7117.90,'2016-05-16',0),
(244,2,5195.16,'1977-06-30',0),
(245,11,7097.03,'1978-01-02',0),
(246,7,7021.00,'1975-12-29',1),
(247,20,2896.51,'1999-08-29',0),
(248,8,1402.70,'1972-09-26',0),
(249,10,3892.47,'1977-06-25',1),
(250,7,5934.36,'2015-07-13',0),
(251,8,3273.90,'2014-06-07',0),
(252,4,599.72,'1987-11-27',0),
(253,19,5966.01,'1993-04-06',1),
(254,9,8621.52,'2010-10-23',1),
(255,18,5976.00,'1977-06-14',0),
(256,10,7848.62,'1980-10-18',1),
(257,13,5916.60,'2000-08-17',0),
(258,12,6616.36,'1977-03-04',1),
(259,7,9877.86,'2008-09-07',0),
(260,6,8085.01,'2015-01-27',1),
(261,17,9911.00,'1998-09-12',0),
(262,18,285.99,'2018-06-16',1),
(263,15,7847.91,'1988-10-15',1),
(264,14,6127.90,'2004-10-12',1),
(265,6,5353.45,'1993-09-04',0),
(266,18,2743.93,'2013-02-10',0),
(267,2,7550.61,'1992-12-08',0),
(268,5,8999.81,'1989-04-23',1),
(269,11,2328.44,'1980-08-01',0),
(270,11,7540.80,'2019-01-31',0),
(271,16,3201.48,'2001-11-02',0),
(272,12,9831.70,'2025-04-25',1),
(273,4,2024.87,'2021-01-05',0),
(274,18,6912.07,'1986-07-24',0),
(275,18,9639.00,'2018-05-10',1),
(276,18,7505.92,'1972-08-13',0),
(277,13,5033.09,'2023-04-12',0),
(278,1,6956.02,'1992-04-08',1),
(279,16,986.36,'1996-06-08',0),
(280,2,2434.32,'1989-05-18',0),
(281,14,2781.85,'1984-02-05',0),
(282,7,5645.23,'2018-07-02',0),
(283,3,1822.85,'1976-03-06',1),
(284,14,3494.00,'1977-04-25',1),
(285,16,66.00,'1982-12-23',0),
(286,10,3201.99,'2001-11-23',1),
(287,19,801.99,'1973-12-28',1),
(288,20,3230.07,'2020-07-11',1),
(289,13,5083.84,'1972-05-05',0),
(290,9,4303.39,'1997-08-24',1),
(291,17,2551.45,'2008-02-06',0),
(292,1,9554.54,'1972-01-14',1),
(293,16,9533.41,'1971-07-17',0),
(294,6,373.20,'2002-07-19',0),
(295,20,1619.03,'2018-05-08',0),
(296,17,6136.40,'1984-05-11',1),
(297,13,6367.89,'1977-04-27',0),
(298,18,1554.99,'2006-01-12',0),
(299,15,6971.95,'2025-05-23',1),
(300,7,2110.60,'2008-05-01',0);

/*Test data for Sale_products
-----------------------------------------------------------------------------------*/

INSERT INTO Sale_products (Sale_ID, Product_ID, Product_quantity) VALUES
(1,16,197),
(1,21,400),
(1,23,172),
(6,6,110),
(6,48,350),
(6,49,422),
(7,12,214),
(12,7,380),
(12,9,297),
(13,11,254),
(14,22,21),
(14,45,58),
(16,5,185),
(16,20,190),
(16,44,125),
(17,26,382),
(18,10,302),
(19,22,345),
(19,42,76),
(20,47,222),
(21,10,490),
(25,1,35),
(26,6,209),
(26,22,427),
(26,23,276),
(27,27,35),
(28,44,278),
(29,10,112),
(30,28,343),
(32,40,223),
(34,4,444),
(34,47,453),
(35,10,19),
(35,21,215),
(36,17,240),
(36,24,421),
(36,37,141),
(37,7,382),
(41,35,491),
(42,31,260),
(43,48,90),
(44,33,177),
(44,48,112),
(45,21,194),
(48,15,155),
(50,36,219),
(52,7,498),
(52,41,28),
(52,46,117),
(53,15,341),
(53,16,455),
(53,43,386),
(54,40,277),
(56,35,313),
(59,8,336),
(59,9,29),
(59,24,237),
(60,6,131),
(60,17,261),
(60,42,240),
(62,23,371),
(65,6,68),
(68,8,487),
(69,10,324),
(69,39,227),
(70,20,161),
(72,31,52),
(76,43,346),
(77,48,88),
(79,20,257),
(79,39,330),
(80,3,133),
(80,39,78),
(80,42,185),
(82,27,5),
(82,45,190),
(83,8,104),
(83,34,154),
(83,35,326),
(84,3,310),
(85,46,275),
(86,9,218),
(87,19,108),
(88,14,188),
(88,36,23),
(90,25,414),
(93,25,460),
(93,28,252),
(95,6,338),
(95,43,472),
(96,9,203),
(96,41,59),
(100,20,232),
(100,33,239),
(100,39,221),
(101,43,88),
(102,2,268),
(102,6,164),
(103,13,12),
(106,1,455),
(106,5,2),
(106,38,264),
(107,14,110),
(107,23,19),
(108,23,214),
(108,33,225),
(109,9,175),
(109,30,121),
(109,49,167),
(110,47,253),
(114,35,362),
(116,18,389),
(118,1,448),
(118,13,40),
(118,32,458),
(119,2,292),
(119,43,240),
(120,14,125),
(120,26,404),
(124,7,290),
(124,17,285),
(125,23,263),
(128,4,68),
(128,34,380),
(128,37,60),
(129,3,122),
(130,14,104),
(132,44,259),
(133,16,132),
(133,27,388),
(138,9,226),
(138,16,210),
(138,32,359),
(140,47,106),
(141,3,457),
(141,9,57),
(141,39,191),
(142,38,432),
(142,48,5),
(145,47,89),
(148,20,226),
(149,46,336),
(149,49,265),
(152,15,323),
(152,48,430),
(153,6,171),
(153,7,232),
(154,11,369),
(154,29,249),
(155,37,306),
(156,6,485),
(156,17,192),
(156,20,142),
(160,23,215),
(160,26,49),
(160,45,201),
(162,49,26),
(163,22,6),
(164,31,336),
(165,12,367),
(165,31,258),
(166,44,314),
(169,19,80),
(171,4,65),
(171,42,454),
(171,49,144),
(172,43,272),
(174,49,364),
(176,17,92),
(180,39,112),
(180,47,452),
(181,23,289),
(181,28,305),
(182,13,362),
(182,37,131),
(183,49,326),
(185,17,8),
(187,19,348),
(187,46,270),
(189,10,396),
(190,30,429),
(196,2,425),
(196,36,331),
(197,26,16),
(197,42,248),
(198,30,399),
(198,35,194),
(199,7,341),
(199,11,111),
(199,22,71),
(199,43,451),
(202,13,380),
(203,42,289),
(203,45,286),
(204,8,340),
(205,41,402),
(206,5,471),
(206,28,149),
(209,7,354),
(209,42,294),
(209,47,269),
(210,16,13),
(212,13,468),
(212,21,467),
(213,27,196),
(213,31,55),
(213,38,137),
(213,44,61),
(214,23,371),
(214,43,174),
(216,35,368),
(217,12,333),
(217,31,100),
(217,43,476),
(217,44,81),
(218,46,144),
(219,1,310),
(219,16,298),
(219,26,158),
(226,42,402),
(227,12,223),
(227,19,270),
(228,9,308),
(228,29,219),
(229,20,330),
(231,6,477),
(231,36,243),
(232,7,241),
(233,4,21),
(233,35,57),
(234,8,243),
(236,15,388),
(236,32,294),
(237,5,132),
(237,33,170),
(237,35,114),
(239,22,330),
(240,48,323),
(242,48,350),
(243,38,152),
(244,33,75),
(245,14,445),
(245,21,306),
(245,40,90),
(247,31,146),
(248,2,11),
(249,6,308),
(250,21,482),
(250,23,205),
(250,32,148),
(251,1,85),
(252,38,52),
(253,29,57),
(254,49,474),
(257,40,412),
(257,47,52),
(260,7,403),
(260,21,379),
(261,29,203),
(261,31,442),
(263,8,29),
(263,29,15),
(264,9,28),
(264,29,30),
(264,48,36),
(265,3,463),
(266,19,158),
(267,18,105),
(267,26,103),
(267,35,216),
(269,4,497),
(270,24,107),
(271,32,92),
(273,10,263),
(273,32,203),
(274,39,209),
(276,24,158),
(277,29,218),
(278,34,285),
(280,43,106),
(281,25,42),
(282,27,123),
(282,47,140),
(283,30,325),
(284,9,124),
(286,3,42),
(287,4,81),
(287,11,330),
(287,18,259),
(288,23,361),
(288,40,176),
(290,31,194),
(291,16,361),
(292,8,84),
(292,15,366),
(292,25,287),
(294,7,492),
(294,40,451),
(295,44,388),
(300,38,11);

/*Test data for Item_stock
-----------------------------------------------------------------------------------*/
INSERT INTO Item_stock (Stock_ID, Item_ID, Branch_ID, Item_quantity) VALUES

(1,128,1,73),
(2,53,2,231),
(3,124,13,134),
(4,119,8,270),
(5,67,12,73),
(6,119,14,117),
(7,7,13,349),
(8,72,17,362),
(9,129,14,311),
(10,58,16,217),
(11,7,6,192),
(12,21,11,444),
(13,100,14,34),
(14,51,2,59),
(15,7,19,382),
(16,71,8,427),
(17,49,10,386),
(18,54,16,465),
(19,62,2,3),
(20,116,6,319),
(21,185,4,255),
(22,138,19,486),
(23,127,13,105),
(24,199,12,415),
(25,164,8,153),
(26,134,5,139),
(27,93,10,98),
(28,112,5,464),
(29,16,1,313),
(30,161,13,380),
(31,191,17,159),
(32,30,6,15),
(33,85,1,458),
(34,11,1,234),
(35,172,8,10),
(36,25,20,137),
(37,1,15,36),
(38,124,8,394),
(39,165,15,310),
(40,165,13,416),
(41,53,4,104),
(42,46,16,431),
(43,97,6,476),
(44,34,7,132),
(45,50,6,160),
(46,186,18,488),
(47,58,20,48),
(48,36,15,206),
(49,169,7,499),
(50,174,11,339),
(51,124,14,267),
(52,139,4,4),
(53,163,7,19),
(54,92,18,487),
(55,31,5,459),
(56,108,15,394),
(57,193,2,14),
(58,137,17,9),
(59,176,13,102),
(60,22,17,86),
(61,170,7,348),
(62,189,17,67),
(63,169,14,118),
(64,81,14,202),
(65,105,6,491),
(66,166,18,128),
(67,120,16,175),
(68,50,9,183),
(69,50,14,320),
(70,197,7,495),
(71,158,9,486),
(72,79,5,58),
(73,171,6,470),
(74,153,6,284),
(75,150,17,332),
(76,107,13,245),
(77,193,16,100),
(78,115,5,452),
(79,63,4,65),
(80,193,4,243),
(81,183,20,290),
(82,32,1,93),
(83,35,11,487),
(84,53,13,37),
(85,125,3,41),
(86,73,1,300),
(87,115,3,339),
(88,51,18,444),
(89,42,18,61),
(90,71,10,28),
(91,23,2,316),
(92,151,16,42),
(93,174,8,399),
(94,6,20,433),
(95,88,20,214),
(96,26,17,461),
(97,108,10,348),
(98,128,4,41),
(99,187,13,142),
(100,114,14,360),
(101,159,20,347),
(102,44,6,155),
(103,26,4,290),
(104,177,3,221),
(105,169,5,322),
(106,17,12,420),
(107,175,15,369),
(108,118,7,100),
(109,189,12,59),
(110,89,20,327),
(111,59,15,64),
(112,194,1,494),
(113,136,5,145),
(114,181,9,435),
(115,57,7,399),
(116,46,3,149),
(117,61,12,183),
(118,136,17,103),
(119,168,20,35),
(120,90,5,103),
(121,195,18,287),
(122,28,7,22),
(123,180,8,242),
(124,151,20,28),
(125,35,1,226),
(126,185,9,498),
(127,172,13,9),
(128,6,6,474),
(129,81,18,130),
(130,10,20,426),
(131,157,2,92),
(132,64,18,95),
(133,52,15,428),
(134,22,7,182),
(135,8,3,104),
(136,189,19,187),
(137,2,6,75),
(138,14,8,282),
(139,178,9,381),
(140,104,9,62),
(141,7,4,477),
(142,181,1,390),
(143,9,6,428),
(144,55,2,365),
(145,44,18,64),
(146,200,13,270),
(147,99,7,49),
(148,82,7,118),
(149,12,19,279),
(150,103,4,24),
(151,40,3,367),
(152,115,4,265),
(153,134,1,162),
(154,41,17,78),
(155,145,20,181),
(156,171,12,189),
(157,4,13,295),
(158,148,8,226),
(159,55,6,422),
(160,2,19,280),
(161,170,10,471),
(162,127,6,32),
(163,161,6,472),
(164,100,11,357),
(165,19,7,452),
(166,35,20,165),
(167,16,16,238),
(168,105,5,169),
(169,13,3,202),
(170,18,20,220),
(171,200,11,157),
(172,163,16,479),
(173,28,11,423),
(174,123,2,370),
(175,12,9,200),
(176,85,8,349),
(177,148,16,53),
(178,127,2,445),
(179,126,7,281),
(180,147,7,357),
(181,69,2,329),
(182,112,16,287),
(183,64,6,180),
(184,112,17,48),
(185,17,14,321),
(186,106,1,71),
(187,170,5,110),
(188,192,17,29),
(189,79,6,439),
(190,80,3,76),
(191,161,10,221),
(192,60,15,230),
(193,177,20,26),
(194,54,8,171),
(195,167,13,29),
(196,186,20,198),
(197,161,2,52),
(198,161,11,478),
(199,117,12,65),
(200,50,20,383),
(201,6,6,375),
(202,129,12,281),
(203,80,20,399),
(204,171,14,236),
(205,155,3,114),
(206,112,12,435),
(207,41,9,460),
(208,90,10,248),
(209,89,13,451),
(210,78,10,239),
(211,189,9,363),
(212,167,14,198),
(213,185,4,126),
(214,75,2,23),
(215,141,11,251),
(216,168,3,54),
(217,90,2,362),
(218,88,19,136),
(219,88,8,137),
(220,151,18,287),
(221,44,13,135),
(222,183,17,241),
(223,163,12,324),
(224,193,9,242),
(225,46,2,34),
(226,143,1,439),
(227,137,13,212),
(228,91,13,40),
(229,140,18,145),
(230,169,20,194),
(231,41,16,52),
(232,127,18,109),
(233,179,8,271),
(234,67,5,40),
(235,118,20,298),
(236,115,16,403),
(237,19,2,398),
(238,123,7,325),
(239,102,13,187),
(240,29,5,99),
(241,106,12,47),
(242,141,8,442),
(243,134,11,205),
(244,113,12,401),
(245,149,12,459),
(246,136,19,87),
(247,182,19,394),
(248,45,7,414),
(249,140,11,202),
(250,88,11,104),
(251,168,3,416),
(252,66,9,60),
(253,146,13,467),
(254,92,17,137),
(255,194,17,359),
(256,170,3,238),
(257,149,19,469),
(258,167,4,481),
(259,65,5,285),
(260,17,10,477),
(261,5,15,477),
(262,106,5,132),
(263,74,8,32),
(264,44,9,126),
(265,181,1,107),
(266,142,20,360),
(267,36,8,428),
(268,117,11,292),
(269,58,17,390),
(270,189,10,261),
(271,173,5,107),
(272,138,17,379),
(273,166,13,330),
(274,197,2,96),
(275,125,3,477),
(276,18,15,90),
(277,65,1,112),
(278,62,2,450),
(279,26,7,416),
(280,197,2,392),
(281,163,10,39),
(282,77,10,351),
(283,96,20,193),
(284,6,5,411),
(285,142,7,269),
(286,83,5,390),
(287,177,2,352),
(288,16,10,148),
(289,118,13,114),
(290,37,20,358),
(291,10,2,492),
(292,69,18,374),
(293,129,14,186),
(294,14,12,188),
(295,161,5,206),
(296,42,6,268),
(297,14,15,66),
(298,100,2,164),
(299,19,11,4),
(300,101,8,243),
(301,190,11,346),
(302,144,6,130),
(303,83,7,474),
(304,37,5,103),
(305,52,8,165),
(306,144,10,329),
(307,198,12,83),
(308,64,6,140),
(309,54,16,3),
(310,182,17,12),
(311,96,1,216),
(312,149,3,175),
(313,139,14,219),
(314,158,3,122),
(315,102,11,421),
(316,50,13,270),
(317,45,12,346),
(318,67,18,223),
(319,83,6,192),
(320,32,13,343),
(321,15,20,247),
(322,43,7,253),
(323,6,3,459),
(324,109,5,237),
(325,68,12,457),
(326,4,17,374),
(327,79,1,407),
(328,53,5,13),
(329,138,14,15),
(330,144,15,397),
(331,61,8,396),
(332,16,6,416),
(333,3,7,366),
(334,194,1,419),
(335,88,18,363),
(336,26,14,94),
(337,132,5,192),
(338,50,2,113),
(339,177,6,244),
(340,155,11,360),
(341,177,11,262),
(342,153,7,464),
(343,20,4,347),
(344,12,11,120),
(345,29,4,199),
(346,25,18,463),
(347,93,19,347),
(348,139,12,164),
(349,28,10,468),
(350,171,3,25),
(351,118,2,294),
(352,190,4,352),
(353,54,4,357),
(354,66,10,278),
(355,187,11,418),
(356,130,10,417),
(357,79,4,22),
(358,196,20,289),
(359,193,9,100),
(360,76,5,432),
(361,163,19,249),
(362,55,5,170),
(363,71,13,150),
(364,102,10,445),
(365,188,1,373),
(366,117,18,256),
(367,119,5,316),
(368,105,17,176),
(369,117,13,295),
(370,148,10,399),
(371,115,16,397),
(372,199,15,235),
(373,9,19,32),
(374,129,17,105),
(375,14,16,250),
(376,7,3,173),
(377,86,1,356),
(378,97,15,81),
(379,57,13,376),
(380,135,10,23),
(381,153,5,367),
(382,158,1,325),
(383,132,15,297),
(384,108,3,322),
(385,87,10,473),
(386,83,17,22),
(387,9,13,486),
(388,148,15,370),
(389,164,17,411),
(390,147,15,299),
(391,84,17,352),
(392,54,3,393),
(393,109,15,368),
(394,110,5,28),
(395,36,4,223),
(396,34,14,372),
(397,155,15,32),
(398,16,12,281),
(399,89,14,173),
(400,94,6,353),
(401,116,13,94),
(402,164,2,443),
(403,175,10,7),
(404,149,16,299),
(405,90,18,64),
(406,184,14,165),
(407,125,8,103),
(408,127,18,385),
(409,133,2,467),
(410,67,13,71),
(411,108,15,332),
(412,191,2,193),
(413,172,19,433),
(414,124,10,225),
(415,32,10,194),
(416,79,9,416),
(417,56,4,273),
(418,88,19,88),
(419,126,17,4),
(420,134,13,71),
(421,117,2,261),
(422,25,9,464),
(423,89,13,339),
(424,168,7,393),
(425,163,2,206),
(426,197,5,469),
(427,41,2,314),
(428,120,10,214),
(429,157,14,358),
(430,139,5,292),
(431,102,15,92),
(432,14,8,427),
(433,175,2,117),
(434,90,20,303),
(435,4,2,188),
(436,31,11,95),
(437,63,15,425),
(438,98,14,464),
(439,12,17,318),
(440,182,20,461),
(441,128,8,299),
(442,179,10,226),
(443,72,9,55),
(444,78,17,65),
(445,121,8,442),
(446,104,3,62),
(447,74,16,204),
(448,102,6,485),
(449,42,9,77),
(450,194,1,172),
(451,176,14,303),
(452,51,10,112),
(453,121,15,232),
(454,62,18,201),
(455,114,16,315),
(456,146,1,451),
(457,154,1,476),
(458,161,13,177),
(459,151,19,54),
(460,73,20,25),
(461,185,15,406),
(462,154,16,55),
(463,140,12,464),
(464,70,8,269),
(465,56,8,53),
(466,40,17,463),
(467,140,10,330),
(468,119,6,346),
(469,101,8,403),
(470,103,9,20),
(471,71,16,193),
(472,118,2,2),
(473,137,15,374),
(474,46,2,498),
(475,131,9,117),
(476,80,3,493),
(477,15,13,163),
(478,173,9,200),
(479,100,10,418),
(480,14,17,375),
(481,44,20,198),
(482,48,10,103),
(483,2,15,365),
(484,171,9,420),
(485,123,17,126),
(486,129,4,181),
(487,17,16,200),
(488,83,13,442),
(489,198,19,328),
(490,24,2,307),
(491,152,19,94),
(492,116,16,376),
(493,136,3,383),
(494,125,19,461),
(495,199,9,48),
(496,143,13,215),
(497,137,13,165),
(498,149,15,183),
(499,170,15,371),
(500,58,9,262),
(501,143,4,185),
(502,36,12,123),
(503,65,9,113),
(504,61,20,222),
(505,172,3,254),
(506,165,17,202),
(507,17,19,360),
(508,46,17,63),
(509,80,19,244),
(510,80,11,257),
(511,70,10,48),
(512,98,12,222),
(513,29,1,50),
(514,57,14,102),
(515,14,11,379),
(516,94,3,94),
(517,85,10,135),
(518,36,3,375),
(519,196,11,183),
(520,149,13,276),
(521,43,12,51),
(522,25,6,125),
(523,166,15,24),
(524,148,17,415),
(525,61,18,400),
(526,199,1,293),
(527,68,13,336),
(528,44,9,434),
(529,121,16,105),
(530,112,19,356),
(531,86,14,496),
(532,57,14,199),
(533,75,13,434),
(534,189,1,308),
(535,64,8,368),
(536,29,16,87),
(537,67,3,344),
(538,192,13,89),
(539,81,6,405),
(540,99,2,121),
(541,173,17,321),
(542,98,10,276),
(543,1,2,131),
(544,162,15,130),
(545,16,16,274),
(546,18,6,325),
(547,72,8,137),
(548,171,3,375),
(549,66,4,80),
(550,91,7,6);

/*Test data for Deliveries
-----------------------------------------------------------------------------------*/

INSERT INTO Deliveries (Delivery_ID, Branch_ID, Delivery_date_time, Is_delivered) VALUES
(1,7,'2016-08-09 12:27:28',0),
(2,18,'2011-11-13 14:57:09',1),
(3,20,'1991-08-26 08:03:05',0),
(4,16,'1974-06-04 13:59:37',0),
(5,20,'2021-06-06 20:01:57',1),
(6,10,'1974-09-27 02:17:43',1),
(7,13,'1970-10-02 21:12:04',0),
(8,6,'1992-10-13 12:21:46',0),
(9,4,'2005-02-19 21:31:08',0),
(10,5,'2002-04-30 16:03:56',1),
(11,17,'1990-02-10 10:27:54',0),
(12,8,'1974-04-03 14:46:44',1),
(13,12,'2001-07-21 23:21:05',0),
(14,2,'1987-08-10 07:57:05',0),
(15,6,'2018-10-22 10:08:51',0),
(16,12,'1980-06-18 02:41:42',1),
(17,2,'2009-09-13 03:29:18',1),
(18,17,'2000-06-23 13:02:21',0),
(19,6,'2013-09-09 15:14:56',0),
(20,19,'1972-07-07 16:37:23',0),
(21,12,'1998-06-28 10:59:09',1),
(22,10,'1996-07-29 21:31:43',0),
(23,15,'2002-05-01 05:00:07',0),
(24,2,'2013-11-20 17:01:25',0),
(25,18,'1995-11-06 21:46:51',0),
(26,5,'2011-02-23 12:00:42',1),
(27,1,'2004-11-30 19:26:34',1),
(28,19,'2003-06-30 08:32:06',0),
(29,13,'2025-12-28 05:33:33',0),
(30,10,'1973-01-27 21:22:27',1),
(31,14,'2004-10-03 09:15:31',1),
(32,14,'1984-02-25 23:26:46',1),
(33,8,'1981-02-22 15:06:24',0),
(34,3,'1977-03-28 08:20:35',0),
(35,9,'2025-12-04 05:35:48',0),
(36,17,'1997-08-05 18:15:51',1),
(37,8,'2019-03-06 04:13:07',0),
(38,18,'1974-09-05 02:49:18',0),
(39,8,'1978-05-04 10:54:44',1),
(40,19,'1979-08-16 12:02:25',0),
(41,2,'2000-10-16 12:26:11',1),
(42,1,'1979-06-19 14:39:37',1),
(43,18,'2025-12-05 04:22:41',1),
(44,11,'2000-04-07 12:32:20',0),
(45,11,'1989-08-06 01:06:05',0),
(46,10,'1990-09-26 14:01:01',1),
(47,8,'2017-07-07 15:02:22',0),
(48,14,'2002-08-29 02:02:32',0),
(49,3,'2025-12-13 21:50:36',1),
(50,6,'2019-04-24 07:56:21',0),
(51,6,'1979-09-17 22:50:32',1),
(52,19,'1982-09-21 00:07:06',0),
(53,10,'1996-10-13 10:08:59',0),
(54,14,'1991-03-11 04:10:19',0),
(55,16,'1988-04-21 20:55:32',0),
(56,13,'1983-09-27 09:18:18',1),
(57,5,'2025-12-03 23:48:29',1),
(58,5,'1998-06-18 00:25:11',1),
(59,17,'1979-11-04 09:45:53',0),
(60,9,'2012-06-29 13:03:46',0),
(61,4,'1992-06-06 12:21:34',1),
(62,2,'1984-04-05 05:23:24',0),
(63,14,'1973-11-21 23:24:12',1),
(64,20,'2025-02-02 23:13:00',1),
(65,17,'1996-07-04 23:30:23',0),
(66,20,'2003-04-12 02:14:03',0),
(67,14,'2020-08-05 05:08:32',0),
(68,5,'2025-12-30 06:51:49',0),
(69,16,'2024-04-05 13:19:20',1),
(70,3,'2005-04-18 02:30:13',1),
(71,6,'2008-05-28 19:15:17',1),
(72,12,'2004-03-13 08:13:42',0),
(73,18,'1975-02-17 18:07:08',0),
(74,4,'1986-08-19 03:25:56',1),
(75,10,'2005-02-27 16:26:48',0),
(76,7,'2012-10-25 09:43:42',1),
(77,17,'1991-10-28 21:00:02',1),
(78,15,'1991-06-21 21:46:16',1),
(79,2,'2008-01-16 22:34:12',1),
(80,19,'1992-03-19 04:22:07',0),
(81,17,'1974-09-27 11:24:36',1),
(82,20,'2012-09-11 13:47:43',0),
(83,16,'1976-10-10 23:32:24',1),
(84,11,'2000-05-02 21:48:42',0),
(85,18,'1993-11-25 15:45:04',0),
(86,2,'2002-10-03 21:06:51',0),
(87,18,'1980-02-10 08:01:38',1),
(88,7,'1981-12-02 11:38:00',0),
(89,2,'2001-11-21 02:05:48',1),
(90,9,'2007-04-11 20:03:59',0),
(91,2,'2018-08-27 06:13:33',0),
(92,9,'2019-02-26 17:48:39',0),
(93,17,'1994-03-02 14:14:32',0),
(94,5,'2015-07-27 08:58:17',1),
(95,17,'2026-01-04 14:25:09',1),
(96,11,'1970-01-17 10:28:01',1),
(97,7,'2016-03-18 12:36:37',0),
(98,5,'1985-03-08 10:47:54',0),
(99,13,'1971-06-17 21:23:16',0),
(100,13,'1975-02-24 23:14:08',0),
(101,19,'1995-12-28 20:06:50',0),
(102,17,'1997-08-29 09:06:00',0),
(103,19,'2014-11-24 03:10:24',0),
(104,14,'1982-06-15 01:08:28',1),
(105,16,'2021-03-19 17:20:56',1),
(106,3,'1973-07-02 23:27:19',0),
(107,17,'2018-03-18 04:00:16',1),
(108,3,'2009-06-29 18:59:09',1),
(109,7,'2002-03-24 04:11:09',1),
(110,2,'2026-01-22 12:48:37',1),
(111,9,'1986-04-06 21:15:01',0),
(112,12,'2020-03-26 06:15:23',1),
(113,9,'1979-05-01 08:31:19',1),
(114,8,'1983-09-23 05:53:12',1),
(115,15,'2002-12-26 03:40:50',1),
(116,2,'1978-04-04 14:08:39',0),
(117,7,'1971-09-08 02:10:09',1),
(118,6,'2026-01-22 22:17:06',0),
(119,9,'1980-11-21 05:01:53',1),
(120,7,'2025-06-03 10:07:59',0),
(121,17,'2016-06-13 18:44:26',1),
(122,13,'1986-04-08 03:17:16',0),
(123,10,'2010-04-28 04:27:19',1),
(124,3,'1974-09-22 18:58:56',1),
(125,4,'1978-08-14 06:56:55',1),
(126,17,'1991-09-27 02:34:10',1),
(127,16,'2004-06-28 20:34:36',1),
(128,14,'1997-09-28 08:59:29',0),
(129,5,'2026-01-20 00:22:16',1),
(130,12,'2026-02-18 12:44:11',1),
(131,15,'2026-01-11 12:32:22',0),
(132,3,'2026-01-18 17:31:38',0),
(133,17,'1984-02-15 20:50:11',1),
(134,1,'2006-07-19 22:21:06',1),
(135,9,'2018-12-09 13:23:15',0),
(136,17,'2020-07-08 20:14:17',0),
(137,10,'1980-07-04 22:19:54',1),
(138,9,'1980-04-26 20:36:29',1),
(139,13,'1997-08-24 19:34:09',0),
(140,19,'2018-11-04 04:59:04',0),
(141,10,'2012-02-21 06:50:03',0),
(142,9,'2005-07-25 00:12:31',0),
(143,19,'2000-01-05 09:58:13',1),
(144,15,'2013-03-22 10:32:28',1),
(145,12,'1996-06-14 11:34:41',0),
(146,2,'2003-06-04 15:11:21',1),
(147,5,'2019-08-04 10:50:43',1),
(148,18,'2016-11-15 00:44:59',0),
(149,13,'2003-12-11 05:54:09',1),
(150,16,'1979-11-08 12:27:20',1),
(151,13,'1999-01-08 05:46:52',1),
(152,15,'1996-06-21 02:45:58',0),
(153,10,'2026-02-04 17:02:39',1),
(154,4,'2023-04-14 14:24:04',1),
(155,12,'1991-12-23 06:42:59',1),
(156,11,'2012-11-16 08:56:15',0),
(157,8,'2026-02-15 04:52:21',1),
(158,9,'1998-11-18 20:21:23',0),
(159,15,'2026-02-20 21:15:08',0),
(160,6,'2018-12-21 16:59:15',1),
(161,15,'2026-02-17 20:37:51',1),
(162,7,'2023-06-19 13:34:08',1),
(163,9,'2016-09-22 17:23:23',1),
(164,4,'2009-05-03 12:44:58',1),
(165,15,'2008-09-13 09:30:51',1),
(166,18,'1986-10-12 15:35:25',1),
(167,3,'1976-10-01 07:26:38',1),
(168,18,'1996-08-27 07:45:02',0),
(169,20,'1981-09-20 21:12:33',0),
(170,7,'1999-12-28 03:24:07',1),
(171,5,'2020-09-17 12:35:46',1),
(172,3,'2008-12-18 14:35:29',1),
(173,19,'1979-05-28 23:07:29',0),
(174,20,'2008-12-25 11:51:35',0),
(175,19,'2026-02-18 18:04:17',0),
(176,7,'1978-11-09 20:10:07',1),
(177,4,'1982-10-13 21:41:39',1),
(178,4,'2005-08-15 20:28:53',0),
(179,5,'2021-04-16 16:45:42',1),
(180,10,'2022-06-17 08:13:58',0),
(181,1,'1992-09-13 15:30:32',1),
(182,11,'1971-06-22 22:48:22',0),
(183,4,'2002-06-19 09:08:50',0),
(184,9,'1986-03-30 06:38:51',0),
(185,19,'1971-11-24 07:56:03',1),
(186,12,'1984-10-07 15:35:19',1),
(187,18,'1996-11-12 06:46:26',1),
(188,20,'2025-03-03 20:18:47',0),
(189,18,'2013-09-02 00:23:08',0),
(190,15,'2026-02-28 04:42:31',0),
(191,12,'1970-11-22 08:43:59',1),
(192,3,'2008-02-21 11:28:46',0),
(193,19,'2026-02-22 10:24:36',1),
(194,15,'2022-06-18 09:07:18',0),
(195,5,'2001-12-24 03:39:56',0),
(196,16,'2008-12-30 05:20:02',0),
(197,7,'1970-08-03 08:51:14',1),
(198,13,'2004-01-11 10:35:38',1),
(199,11,'1995-06-24 13:51:40',1),
(200,3,'1993-10-15 07:19:14',1);

/*Test data for Delivery_items
-----------------------------------------------------------------------------------*/
INSERT INTO Delivery_items (Delivery_ID, Item_ID, Item_quantity) VALUES
(2,4,32),
(2,111,219),
(2,156,368),
(2,165,449),
(3,37,68),
(3,56,227),
(4,7,330),
(4,42,202),
(5,31,118),
(5,141,374),
(6,117,197),
(7,26,472),
(7,121,455),
(8,44,266),
(8,80,389),
(8,152,104),
(8,195,122),
(9,93,266),
(9,104,461),
(9,120,216),
(9,147,34),
(9,184,215),
(10,25,130),
(11,98,453),
(11,113,225),
(12,42,442),
(12,66,327),
(14,2,240),
(14,21,81),
(14,94,34),
(15,135,363),
(16,40,289),
(16,49,2),
(16,80,182),
(16,198,277),
(17,178,169),
(18,42,272),
(18,94,404),
(18,125,320),
(19,42,366),
(19,166,150),
(20,192,98),
(21,24,441),
(21,150,297),
(22,36,449),
(22,80,254),
(22,95,133),
(23,38,11),
(23,61,296),
(23,84,107),
(24,63,334),
(24,138,262),
(24,156,365),
(25,2,8),
(25,52,453),
(26,171,451),
(27,33,372),
(28,134,330),
(28,137,350),
(28,139,113),
(29,51,16),
(29,55,40),
(29,80,291),
(30,22,307),
(30,148,380),
(30,150,128),
(31,134,368),
(33,3,52),
(33,107,467),
(33,130,127),
(33,191,203),
(34,9,26),
(34,96,442),
(34,119,146),
(34,168,62),
(35,8,220),
(35,9,10),
(35,182,61),
(36,83,344),
(36,154,71),
(36,200,405),
(39,66,254),
(39,101,396),
(39,114,193),
(39,120,284),
(40,158,398),
(41,180,272),
(42,176,205),
(43,24,160),
(44,31,441),
(44,93,379),
(44,108,125),
(42,35,399),
(45,80,71),
(46,55,238),
(46,73,93),
(46,135,273),
(47,35,163),
(47,62,103),
(47,188,255),
(48,19,26),
(50,48,429),
(52,162,11),
(53,17,331),
(54,110,460),
(54,175,496),
(54,180,33),
(55,16,258),
(55,62,106),
(55,169,46),
(56,159,454),
(56,184,164),
(56,186,377),
(56,199,329),
(57,136,423),
(58,12,188),
(58,14,360),
(58,123,207),
(59,173,150),
(60,187,292),
(61,14,269),
(61,135,400),
(62,26,331),
(63,114,290),
(63,190,40),
(64,28,469),
(64,85,205),
(65,91,237),
(65,194,299),
(66,21,224),
(66,36,333),
(66,198,406),
(67,13,68),
(68,48,453),
(68,91,440),
(68,130,385),
(69,31,40),
(69,75,487),
(70,75,42),
(70,79,472),
(70,153,318),
(70,165,415),
(71,49,454),
(71,53,390),
(72,24,247),
(73,52,304),
(73,89,43),
(73,129,135),
(74,10,477),
(74,76,109),
(74,92,473),
(75,120,174),
(76,148,276),
(77,97,407),
(77,154,68),
(78,123,410),
(79,49,464),
(79,108,375),
(79,132,488),
(79,146,369),
(79,154,107),
(80,5,145),
(80,107,187),
(81,18,58),
(81,136,450),
(81,163,424),
(82,123,212),
(83,63,369),
(83,98,377),
(83,137,320),
(83,172,260),
(84,134,487),
(84,174,62),
(84,189,303),
(85,31,159),
(85,53,15),
(85,71,492),
(85,130,282),
(85,169,342),
(86,17,398),
(86,19,259),
(86,27,125),
(86,36,209),
(86,105,150),
(86,140,64),
(86,149,345),
(87,95,221),
(87,107,142),
(87,197,153),
(88,166,397),
(88,180,500),
(89,17,498),
(90,32,186),
(90,50,37),
(90,61,176),
(91,160,151),
(92,79,261),
(93,180,395),
(95,91,243),
(96,120,48),
(96,126,475),
(97,44,45),
(99,55,405),
(100,35,55),
(100,80,202),
(100,93,499),
(101,176,449),
(101,180,357),
(102,90,28),
(102,144,118),
(103,16,18),
(103,61,405),
(103,140,496),
(103,166,170),
(104,95,362),
(105,74,13),
(105,86,354),
(105,196,380),
(106,36,452),
(106,138,269),
(107,44,406),
(107,123,335),
(107,184,140),
(107,199,213),
(109,12,297),
(109,187,441),
(110,54,40),
(110,89,147),
(111,19,199),
(111,165,247),
(112,62,305),
(112,86,24),
(112,190,217),
(113,61,383),
(114,161,237),
(114,174,117),
(115,65,187),
(115,151,390),
(116,7,25),
(116,73,379),
(117,65,180),
(117,96,117),
(118,147,406),
(119,122,196),
(120,26,218),
(120,57,183),
(120,94,334),
(120,111,2),
(124,82,339),
(124,194,76),
(125,151,440),
(127,29,28),
(127,86,346),
(128,45,493),
(128,96,435),
(128,99,401),
(128,157,422),
(129,25,108),
(129,49,47),
(129,115,252),
(129,179,261),
(129,181,75),
(130,97,128),
(130,186,73),
(131,21,365),
(131,31,243),
(131,126,12),
(131,147,205),
(132,59,142),
(133,99,118),
(135,17,326),
(136,18,445),
(136,106,323),
(136,110,440),
(136,145,472),
(137,3,16),
(137,32,90),
(138,79,124),
(138,106,405),
(138,134,317),
(139,28,297),
(140,80,138),
(140,196,473),
(141,189,43),
(141,197,262),
(141,198,468),
(142,148,93),
(143,71,276),
(144,96,209),
(144,195,344),
(145,78,417),
(145,128,30),
(145,150,468),
(145,173,481),
(146,6,171),
(146,10,262),
(146,144,360),
(147,12,317),
(147,133,456),
(148,44,107),
(148,108,448),
(148,186,418),
(149,12,322),
(149,31,3),
(149,80,370),
(150,29,100),
(150,50,77),
(150,130,453),
(151,85,35),
(153,9,156),
(153,189,471),
(155,3,381),
(156,48,446),
(156,162,75),
(156,170,102),
(156,193,288),
(157,192,156),
(158,95,251),
(159,61,470),
(161,170,19),
(161,185,449),
(162,1,107),
(162,141,381),
(163,90,380),
(164,23,186),
(165,43,181),
(165,76,149),
(165,119,157),
(165,167,497),
(165,179,491),
(165,180,285),
(166,98,42),
(166,200,417),
(167,9,489),
(167,121,132),
(167,158,295),
(168,54,253),
(168,124,440),
(168,138,17),
(168,154,193),
(168,172,36),
(169,8,103),
(169,69,127),
(169,81,70),
(169,98,108),
(169,115,308),
(170,86,151),
(170,98,163),
(170,115,459),
(172,68,60),
(173,80,246),
(173,86,75),
(173,188,344),
(173,189,247),
(173,199,338),
(174,125,126),
(175,44,268),
(176,27,33),
(176,50,481),
(176,71,2),
(176,135,65),
(177,73,220),
(178,31,362),
(178,41,20),
(178,75,234),
(178,110,8),
(179,71,474),
(179,170,153),
(180,173,418),
(181,39,203),
(182,53,438),
(185,30,328),
(185,73,178),
(185,150,99),
(186,75,468),
(186,135,47),
(188,29,483),
(188,126,396),
(188,131,414),
(189,109,217),
(189,167,344),
(190,9,419),
(190,31,279),
(190,67,51),
(191,99,240),
(191,119,305),
(192,159,128),
(193,11,287),
(193,191,175),
(193,195,449),
(194,41,202),
(194,64,126),
(194,157,171),
(195,20,203),
(196,80,192),
(197,8,356),
(197,90,119),
(199,39,267),
(199,47,218),
(200,41,332);