-- Run the create file before executing
-- Some test queries are comented out to prevent query tabs opening

USE Bakery_stock;

/* Test data insertion
-------------------------------------------------------------------------------------------------------------------------*/

/*Test data for Inventory_items
-----------------------------------------------------------------------------------*/
INSERT INTO Inventory_items (Item_ID, Item_name, Item_cost, Item_category) VALUES
(1,'voluptatem',53.06,'Product'),
(2,'Tomato',57.33,'Product'),
(3,'deleniti',91.38,'Product'),
(4,'ut',26.09,'Product'),
(5,'repudiandae',72.36,'Product'),
(6,'voluptatibus',70.46,'Product'),
(7,'tenetur',92.47,'Product'),
(8,'nulla',60.20,'Product'),
(9,'et',95.56,'Product'),
(10,'occaecati',70.60,'Product'),
(11,'odit',64.61,'Product'),
(12,'est',39.92,'Product'),
(13,'voluptatibus',95.94,'Product'),
(14,'eius',12.17,'Product'),
(15,'a',89.57,'Product'),
(16,'laboriosam',11.30,'Product'),
(17,'doloremque',69.60,'Product'),
(18,'occaecati',55.89,'Product'),
(19,'cupiditate',63.17,'Product'),
(20,'nisi',99.54,'Product'),
(21,'nostrum',81.15,'Product'),
(22,'quis',86.00,'Product'),
(23,'animi',97.81,'Product'),
(24,'aut',98.75,'Product'),
(25,'sequi',73.88,'Product'),
(26,'et',64.02,'Product'),
(27,'voluptatum',49.70,'Product'),
(28,'vero',71.42,'Product'),
(29,'laboriosam',43.36,'Product'),
(30,'et',12.07,'Product'),
(31,'maxime',38.17,'Product'),
(32,'doloribus',38.30,'Product'),
(33,'voluptatem',39.00,'Product'),
(34,'vel',90.26,'Product'),
(35,'reprehenderit',51.94,'Product'),
(36,'veritatis',37.99,'Product'),
(37,'sunt',63.48,'Product'),
(38,'voluptatibus',49.08,'Product'),
(39,'qui',86.00,'Product'),
(40,'eius',76.23,'Product'),
(41,'perspiciatis',87.63,'Product'),
(42,'error',9.40,'Product'),
(43,'ea',2.27,'Product'),
(44,'nam',82.10,'Product'),
(45,'adipisci',78.65,'Product'),
(46,'odit',10.78,'Product'),
(47,'esse',80.25,'Product'),
(48,'reiciendis',91.44,'Product'),
(49,'magni',90.60,'Product'),
(50,'necessitatibus',46.73,'Ingredient'),
(51,'est',10.25,'Ingredient'),
(52,'neque',62.78,'Ingredient'),
(53,'nesciunt',46.04,'Ingredient'),
(54,'quos',73.78,'Ingredient'),
(55,'aliquam',30.33,'Ingredient'),
(56,'vero',8.19,'Ingredient'),
(57,'voluptatem',85.55,'Ingredient'),
(58,'aliquid',52.59,'Ingredient'),
(59,'qui',82.89,'Ingredient'),
(60,'voluptatibus',27.35,'Other'),
(61,'quos',32.48,'Ingredient'),
(62,'dignissimos',93.15,'Ingredient'),
(63,'corporis',50.00,'Ingredient'),
(64,'ea',18.96,'Packaging'),
(65,'incidunt',30.56,'Ingredient'),
(66,'ducimus',41.56,'Ingredient'),
(67,'corporis',92.25,'Ingredient'),
(68,'voluptatibus',65.00,'Ingredient'),
(69,'nesciunt',98.22,'Ingredient'),
(70,'dolor',74.56,'Packaging'),
(71,'qui',77.17,'Ingredient'),
(72,'saepe',69.28,'Ingredient'),
(73,'rerum',27.44,'Ingredient'),
(74,'maiores',25.26,'Packaging'),
(75,'quo',28.42,'Ingredient'),
(76,'voluptas',43.10,'Ingredient'),
(77,'deleniti',07.44,'Ingredient'),
(78,'suscipit',24.29,'Ingredient'),
(79,'rerum',73.91,'Ingredient'),
(80,'ipsam',27.70,'Ingredient'),
(81,'non',18.87,'Ingredient'),
(82,'deleniti',24.98,'Ingredient'),
(83,'explicabo',32.28,'Ingredient'),
(84,'corrupti',76.10,'Ingredient'),
(85,'mollitia',04.19,'Other'),
(86,'ut',40.65,'Ingredient'),
(87,'nihil',77.80,'Other'),
(88,'iure',86.65,'Ingredient'),
(89,'deleniti',89.21,'Ingredient'),
(90,'sunt',81.25,'Ingredient'),
(91,'ad',92.80,'Ingredient'),
(92,'fugiat',40.22,'Ingredient'),
(93,'in',97.34,'Ingredient'),
(94,'veniam',60.55,'Ingredient'),
(95,'labore',84.61,'Ingredient'),
(96,'ex',85.05,'Ingredient'),
(97,'repellat',57.95,'Ingredient'),
(98,'quae',93.10,'Ingredient'),
(99,'eos',51.09,'Packaging'),
(100,'necessitatibus',49.09,'Ingredient'),
(101,'ex',11.47,'Ingredient'),
(102,'saepe',63.44,'Ingredient'),
(103,'ex',71.01,'Ingredient'),
(104,'aut',21.60,'Ingredient'),
(105,'ducimus',14.65,'Ingredient'),
(106,'molestias',4.59,'Other'),
(107,'et',85.00,'Ingredient'),
(108,'quaerat',66.58,'Ingredient'),
(109,'quae',15.90,'Ingredient'),
(110,'labore',17.48,'Ingredient'),
(111,'consequatur',40.49,'Ingredient'),
(112,'sed',59.71,'Ingredient'),
(113,'facilis',63.26,'Ingredient'),
(114,'neque',12.88,'Ingredient'),
(115,'a',42.89,'Ingredient'),
(116,'quod',88.73,'Ingredient'),
(117,'temporibus',99.73,'Ingredient'),
(118,'cupiditate',36.86,'Ingredient'),
(119,'dicta',38.18,'Ingredient'),
(120,'cumque',18.15,'Ingredient'),
(121,'ut',73.35,'Ingredient'),
(122,'aperiam',38.63,'Ingredient'),
(123,'commodi',95.90,'Ingredient'),
(124,'non',65.00,'Ingredient'),
(125,'vitae',89.73,'Ingredient'),
(126,'sint',58.80,'Ingredient'),
(127,'tempore',5.69,'Ingredient'),
(128,'ut',21.22,'Ingredient'),
(129,'explicabo',45.57,'Ingredient'),
(130,'iste',19.96,'Packaging'),
(131,'voluptatibus',91.83,'Ingredient'),
(132,'et',11.95,'Ingredient'),
(133,'dignissimos',29.00,'Packaging'),
(134,'voluptatum',1.47,'Ingredient'),
(135,'architecto',75.10,'Ingredient'),
(136,'iste',88.43,'Ingredient'),
(137,'molestiae',74.01,'Ingredient'),
(138,'debitis',57.00,'Ingredient'),
(139,'neque',27.03,'Ingredient'),
(140,'explicabo',14.61,'Ingredient'),
(141,'culpa',18.06,'Ingredient'),
(142,'voluptas',38.50,'Ingredient'),
(143,'explicabo',64.08,'Packaging'),
(144,'culpa',96.69,'Ingredient'),
(145,'voluptatibus',48.70,'Packaging'),
(146,'ratione',85.76,'Ingredient'),
(147,'quia',33.39,'Ingredient'),
(148,'ut',97.13,'Ingredient'),
(149,'temporibus',50.91,'Ingredient'),
(150,'incidunt',73.50,'Ingredient'),
(151,'temporibus',10.84,'Ingredient'),
(152,'nesciunt',88.94,'Ingredient'),
(153,'et',13.75,'Ingredient'),
(154,'magnam',96.60,'Ingredient'),
(155,'officia',49.57,'Ingredient'),
(156,'vitae',37.24,'Ingredient'),
(157,'iusto',90.66,'Ingredient'),
(158,'delectus',80.70,'Ingredient'),
(159,'eligendi',62.00,'Ingredient'),
(160,'voluptatem',27.25,'Ingredient'),
(161,'asperiores',12.00,'Ingredient'),
(162,'facilis',55.56,'Ingredient'),
(163,'est',65.32,'Ingredient'),
(164,'voluptate',9.36,'Ingredient'),
(165,'ut',79.98,'Ingredient'),
(166,'qui',86.47,'Ingredient'),
(167,'ex',69.79,'Other'),
(168,'inventore',41.43,'Other'),
(169,'fugiat',17.07,'Ingredient'),
(170,'dolor',55.72,'Ingredient'),
(171,'quasi',95.21,'Ingredient'),
(172,'reprehenderit',43.59,'Ingredient'),
(173,'repudiandae',90.72,'Ingredient'),
(174,'dolor',12.63,'Other'),
(175,'temporibus',39.30,'Other'),
(176,'et',10.19,'Packaging'),
(177,'odio',60.85,'Packaging'),
(178,'voluptatem',46.76,'Ingredient'),
(179,'sit',57.39,'Ingredient'),
(180,'inventore',90.34,'Ingredient'),
(181,'autem',79.88,'Ingredient'),
(182,'optio',71.91,'Ingredient'),
(183,'distinctio',16.74,'Packaging'),
(184,'sit',60.76,'Packaging'),
(185,'veniam',38.08,'Ingredient'),
(186,'unde',29.20,'Ingredient'),
(187,'incidunt',98.29,'Ingredient'),
(188,'autem',71.40,'Ingredient'),
(189,'quod',38.26,'Ingredient'),
(190,'quo',04.00,'Ingredient'),
(191,'reprehenderit',33.48,'Packaging'),
(192,'omnis',66.22,'Ingredient'),
(193,'unde',94.36,'Ingredient'),
(194,'quidem',77.24,'Product'),
(195,'quam',29.93,'Packaging'),
(196,'nihil',39.94,'Ingredient'),
(197,'voluptatibus',65.42,'Ingredient'),
(198,'vel',34.43,'Ingredient'),
(199,'molestiae',7.27,'Other'),
(200,'possimus',47.10,'Packaging');

/*Test data for Products
-----------------------------------------------------------------------------------*/
INSERT INTO Products (Product_ID, Item_ID, Product_category, Product_price, Product_shelf_life_seconds) VALUES
(1,20,'Pastry',43.62,1978051),
(2,1,'Other',7503.65,8117289),
(3,17,'Pastry',6798.09,14213585),
(4,49,'Bread',3246.36,6202701),
(5,25,'Pastry',9910.65,2409369),
(6,39,'Pastry',3118.13,10308499),
(7,45,'Cake',5761.77,7090952),
(8,44,'Cake',422.55,4184945),
(9,35,'Bread',5761.21,5625909),
(10,19,'Cake',4322.22,3365667),
(11,28,'Pastry',2571.36,508219),
(12,12,'Pastry',3965.92,11574572),
(13,29,'Bread',1306.00,3204354),
(14,14,'Other',7316.96,198804),
(15,2,'Pastry',6784.98,5191791),
(16,24,'Pastry',2983.60,9068287),
(17,7,'Pastry',741.20,6081665),
(18,4,'Pastry',3785.76,12974230),
(19,18,'Other',1377.40,11789541),
(20,30,'Pastry',3985.83,9415675),
(21,27,'Other',7122.80,9182178),
(22,5,'Other',724.02,11045939),
(23,6,'Pastry',8454.68,3070528),
(24,15,'Bread',2452.48,9064616),
(25,43,'Other',3011.91,4248524),
(26,47,'Bread',407.25,16537468),
(27,31,'Bread',4792.00,8539202),
(28,48,'Cake',5607.25,875449),
(29,32,'Bread',8166.50,5211388),
(30,13,'Bread',1076.63,10247880),
(31,34,'Cake',6062.82,11657845),
(32,22,'Bread',4730.33,1952103),
(33,26,'Pastry',2230.98,2456538),
(34,23,'Bread',422.88,2114065),
(35,38,'Cake',7062.39,15248285),
(36,37,'Cake',4221.41,10513080),
(37,40,'Other',2061.40,13416119),
(38,10,'Other',2120.92,16508733),
(39,42,'Bread',1256.46,9585602),
(40,11,'Cake',9502.26,5324770),
(41,41,'Pastry',1949.20,16201258),
(42,21,'Bread',423.47,3345725),
(43,9,'Cake',4389.77,12209717),
(44,46,'Pastry',6516.52,12189954),
(45,8,'Pastry',9824.10,2695414),
(46,16,'Pastry',1478.82,13659791),
(47,33,'Cake',902.46,9711554),
(48,36,'Other',3001.00,10411161),
(49,3,'Bread',3296.78,12253402);

/*Test data for Product_ingredients
-----------------------------------------------------------------------------------*/
INSERT INTO Product_ingredients (Product_ID, Ingredient_ID, Ingredient_quantity) VALUES
(17,98,97),
(44,170,362),
(14,166,21),
(23,54,681),
(22,119,106),
(23,119,284),
(11,51,217),
(14,60,481),
(46,53,621),
(18,170,407),
(32,94,688),
(34,56,153),
(31,55,364),
(47,125,524),
(45,175,259),
(8,164,636),
(41,57,333),
(12,127,395),
(24,127,15),
(32,182,267),
(26,66,361),
(8,143,12),
(39,87,446),
(26,124,360),
(35,88,214),
(17,121,203),
(45,163,159),
(9,65,75),
(34,67,80),
(20,169,304),
(36,73,198),
(30,92,58),
(33,141,432),
(15,63,185),
(33,158,549),
(43,80,455),
(6,155,189),
(34,75,626),
(22,156,162),
(1,52,561),
(27,133,624),
(25,111,481),
(18,120,444),
(29,115,354),
(32,174,72),
(15,79,44),
(43,152,307),
(3,111,209),
(4,58,549),
(48,146,360),
(19,157,263),
(21,144,376),
(10,113,171),
(47,186,395),
(38,150,202),
(9,173,487),
(11,85,415),
(48,119,31),
(42,177,181),
(37,75,525),
(46,80,247),
(31,75,598),
(39,94,675),
(14,128,130),
(11,139,472),
(7,153,251),
(37,150,110),
(39,161,488),
(41,52,320),
(29,121,374),
(2,76,685),
(47,189,140),
(34,173,301),
(12,150,319),
(1,56,322),
(26,150,597),
(33,54,139),
(46,173,311),
(47,112,176),
(37,136,87),
(22,173,341),
(41,111,219),
(31,84,227),
(29,69,317),
(24,161,400),
(34,130,483),
(35,99,78),
(19,182,32),
(29,83,398),
(42,90,323),
(41,159,528),
(43,185,406),
(18,145,24),
(28,142,484),
(32,151,56),
(27,108,696),
(6,92,626),
(16,159,314),
(19,80,92),
(9,133,250),
(25,153,619),
(16,182,522),
(49,136,150),
(36,95,444),
(28,98,355),
(14,168,272),
(36,167,504),
(34,93,513),
(23,118,181),
(21,71,484),
(34,107,215),
(10,116,412),
(8,136,681),
(46,113,293),
(28,112,345),
(19,160,675),
(11,97,405),
(22,175,262),
(5,113,197),
(32,164,188),
(47,190,251),
(11,61,372),
(6,130,324),
(40,121,167),
(46,131,320),
(7,107,16),
(32,119,156),
(14,61,508),
(6,71,260),
(47,167,506),
(32,86,153),
(46,77,459),
(1,190,479),
(48,61,124),
(21,150,680),
(23,73,145),
(17,92,462),
(22,73,620),
(43,148,449),
(41,132,595),
(46,61,346),
(19,154,262),
(42,184,537),
(39,117,124),
(38,101,218),
(16,119,69),
(44,148,333),
(25,54,362),
(43,129,288),
(18,76,202),
(43,169,551),
(10,95,311),
(34,158,633),
(40,95,132),
(13,184,575),
(6,123,624),
(37,182,331),
(19,117,41),
(15,65,139),
(12,176,73),
(18,84,485),
(40,166,410),
(29,170,289),
(38,109,239),
(21,60,517),
(29,169,557),
(49,122,512),
(44,108,390),
(13,102,295),
(22,183,471),
(43,128,210),
(11,114,259),
(24,116,126),
(16,155,349),
(24,105,529),
(3,98,372),
(48,85,285),
(7,58,382),
(13,69,631),
(2,63,416),
(47,148,370),
(41,126,361),
(12,56,48),
(43,97,20),
(10,79,574),
(10,135,694),
(15,82,346),
(5,54,619),
(26,177,106),
(22,114,195),
(33,176,241),
(48,55,478),
(27,116,88),
(27,69,463),
(35,75,90),
(37,69,209),
(34,176,459),
(34,162,570),
(34,131,27),
(1,142,434),
(22,123,364),
(4,133,503),
(31,185,520),
(19,186,43),
(9,183,593),
(40,165,387),
(2,121,190),
(44,140,470),
(34,72,206),
(20,98,282),
(1,189,347),
(45,143,631),
(44,96,345),
(16,95,652),
(44,79,60),
(43,140,450),
(12,81,114),
(31,57,55),
(31,138,627),
(40,70,470),
(43,111,435),
(49,99,2273),
(45,79,251),
(40,109,92),
(19,155,205),
(1,50,633),
(45,66,157),
(2,56,536),
(25,75,530),
(31,130,522),
(48,167,33),
(41,107,56),
(45,104,452),
(15,60,96),
(28,106,342),
(49,80,564),
(20,141,462),
(10,81,517),
(33,62,428),
(32,189,487),
(24,71,13),
(40,116,526),
(8,92,365),
(44,97,188),
(42,77,81),
(44,54,303),
(11,165,278),
(3,113,188),
(23,100,514),
(14,184,497);

/*Test data for Branches
-----------------------------------------------------------------------------------*/
INSERT INTO Branches (Branch_ID, Branch_name, Branch_phone_number, Branch_city) VALUES
(1,'sed','209.067.3346x19','Abbottfort'),
(2,'voluptatum','(836)539-6405x8','East Keeley'),
(3,'quas','472.327.8523x73','Vaughnland'),
(4,'est','1-058-509-4337','South Katarina'),
(5,'sit','686.969.2585','Margareteton'),
(6,'impedit','(780)151-9755','Wuckertburgh'),
(7,'illum','(440)683-7021','Bahringershire'),
(8,'repudiandae','906.974.2603x14','Lake Jonatanshire'),
(9,'sed','914-677-8339x29','Loweburgh'),
(10,'aut','632-349-4045x49','Joneston'),
(11,'natus','(208)176-3730','New Tomland'),
(12,'sapiente','784.178.8504','Cartwrightland'),
(13,'est','06674698474','New Deion'),
(14,'voluptatem','778.696.0719','West Madelynn'),
(15,'neque','02294813821','Lake Darbyton'),
(16,'maiores','305-762-7144x90','West Brooklyn'),
(17,'autem','065-458-4231x77','East Nadia'),
(18,'velit','858.769.8430x32','North Magnusmouth'),
(19,'quam','364-403-0148','Brennonborough'),
(20,'dolorem','06971784372','Lindgrenside');

/*Test data for Sales
-----------------------------------------------------------------------------------*/
INSERT INTO Sales (Sale_ID, Branch_ID, Sale_date_time, Is_card_payment) VALUES
(1,10,'1986-01-31',0),
(2,16,'2019-07-08',1),
(3,20,'2025-05-31',0),
(4,3,'2025-11-21',0),
(5,8,'2019-10-18',0),
(6,16,'1973-09-26',0),
(7,5,'1985-12-18',1),
(8,16,'2005-02-21',0),
(9,18,'2025-12-07',0),
(10,15,'1973-09-28',0),
(11,13,'2025-11-15',0),
(12,17,'2025-12-07',1),
(13,14,'2000-01-10',0),
(14,15,'2025-12-07',1),
(15,11,'2026-01-01',0),
(16,11,'2023-12-04',0),
(17,13,'2025-11-12',1),
(18,19,'2026-01-01',0),
(19,13,'2026-01-01',0),
(20,15,'2025-11-06',0),
(21,3,'2025-11-08',1),
(22,18,'1981-10-02',1),
(23,17,'2008-01-27',0),
(24,17,'2016-02-28',1),
(25,4,'2013-11-08',0),
(26,10,'1988-05-16',1),
(27,2,'2002-03-08',1),
(28,11,'1970-02-08',0),
(29,2,'2011-09-08',0),
(30,8,'1990-08-03',1),
(31,13,'1970-03-27',1),
(32,19,'1976-11-19',1),
(33,14,'1975-11-25',1),
(34,13,'2004-02-05',1),
(35,13,'2018-07-25',0),
(36,7,'1978-11-03',0),
(37,9,'2025-12-07',1),
(38,15,'1971-08-17',1),
(39,15,'1994-06-15',1),
(40,19,'1994-02-13',1),
(41,3,'1983-04-27',0),
(42,18,'1977-05-03',0),
(43,7,'2001-08-05',1),
(44,17,'2018-11-22',1),
(45,16,'2024-10-26',1),
(46,20,'2024-07-22',0),
(47,13,'1989-03-12',1),
(48,14,'1995-02-12',0),
(49,1,'1984-12-16',1),
(50,14,'1973-01-02',0),
(51,4,'1986-05-29',1),
(52,8,'2020-07-04',1),
(53,19,'2006-10-22',0),
(54,7,'2002-03-14',0),
(55,14,'1988-07-04',0),
(56,14,'1994-09-27',1),
(57,1,'2024-12-28',0),
(58,19,'2017-05-08',1),
(59,9,'1985-10-18',0),
(60,15,'1971-10-09',0),
(61,13,'2000-05-27',0),
(62,20,'1983-10-17',0),
(63,2,'2001-11-05',1),
(64,1,'1972-06-19',0),
(65,4,'2008-01-13',0),
(66,3,'1991-03-11',0),
(67,11,'1972-06-25',1),
(68,7,'2003-10-17',0),
(69,17,'1991-12-04',0),
(70,16,'2004-04-16',1),
(71,1,'1999-10-25',0),
(72,17,'2023-05-29',1),
(73,7,'2019-04-21',1),
(74,2,'2003-10-10',0),
(75,15,'2021-09-15',0),
(76,12,'1989-03-01',0),
(77,3,'1976-03-09',1),
(78,7,'1976-04-09',0),
(79,4,'2017-04-19',1),
(80,11,'2001-09-30',1),
(81,10,'1986-12-29',0),
(82,9,'1989-12-03',0),
(83,3,'1970-03-21',0),
(84,11,'2016-02-07',0),
(85,13,'1992-02-19',1),
(86,19,'1991-12-31',1),
(87,8,'1972-02-28',0),
(88,3,'1983-12-19',1),
(89,15,'2025-09-12',1),
(90,6,'2010-02-06',1),
(91,2,'1996-05-06',1),
(92,3,'2021-12-15',1),
(93,9,'1994-08-08',1),
(94,3,'1975-10-13',0),
(95,2,'2007-05-24',1),
(96,17,'1986-11-28',1),
(97,20,'1986-10-01',0),
(98,1,'2011-06-24',0),
(99,11,'1990-05-16',1),
(100,7,'1976-04-28',1),
(101,16,'1980-12-03',1),
(102,13,'2010-10-04',1),
(103,20,'2001-09-02',0),
(104,6,'2017-08-03',1),
(105,16,'1983-05-22',0),
(106,17,'1992-03-27',0),
(107,20,'1989-01-29',0),
(108,4,'2016-10-16',1),
(109,1,'1990-09-02',1),
(110,12,'2020-01-27',1),
(111,11,'2000-08-03',0),
(112,9,'2003-01-07',1),
(113,17,'2023-08-06',0),
(114,15,'1998-01-11',0),
(115,18,'1987-01-12',0),
(116,18,'1998-06-21',1),
(117,13,'1985-12-14',0),
(118,5,'1977-03-24',1),
(119,3,'1988-10-29',1),
(120,4,'2011-01-05',0),
(121,7,'2009-02-17',0),
(122,18,'1974-12-20',0),
(123,14,'1995-11-29',1),
(124,13,'2020-04-07',0),
(125,9,'2019-04-05',1),
(126,1,'1985-05-01',0),
(127,12,'2011-01-02',1),
(128,5,'2004-12-11',1),
(129,4,'2001-08-27',0),
(130,8,'2017-11-23',1),
(131,13,'2014-04-20',1),
(132,19,'2001-03-25',0),
(133,19,'1986-10-25',1),
(134,17,'2010-12-15',0),
(135,14,'2004-11-20',0),
(136,18,'2018-08-27',0),
(137,5,'2025-10-31',1),
(138,3,'2000-08-06',1),
(139,18,'1984-04-18',1),
(140,8,'1987-05-31',1),
(141,10,'2013-07-14',0),
(142,15,'1971-04-01',0),
(143,1,'1975-06-30',0),
(144,2,'1984-06-12',0),
(145,2,'1970-08-09',1),
(146,13,'1998-02-16',0),
(147,5,'1976-06-24',1),
(148,3,'1982-08-06',1),
(149,7,'1993-10-07',1),
(150,6,'2015-07-16',0),
(151,16,'1986-12-17',0),
(152,4,'1998-03-06',1),
(153,14,'1989-01-23',1),
(154,4,'2008-04-19',1),
(155,17,'2012-10-28',0),
(156,2,'2008-12-07',1),
(157,3,'2005-10-12',1),
(158,16,'2011-11-27',0),
(159,20,'2007-06-14',0),
(160,17,'2020-04-12',1),
(161,3,'2014-10-20',1),
(162,12,'1994-12-06',1),
(163,7,'2015-08-12',0),
(164,17,'1975-02-15',0),
(165,3,'2016-07-19',0),
(166,20,'1972-07-18',0),
(167,17,'2015-05-11',0),
(168,17,'1975-07-13',0),
(169,15,'1990-06-26',1),
(170,10,'1991-01-17',0),
(171,11,'2021-05-20',1),
(172,17,'1973-05-04',0),
(173,12,'1988-03-09',1),
(174,19,'2009-01-11',0),
(175,13,'1998-10-03',1),
(176,15,'2016-03-02',1),
(177,13,'1979-05-08',0),
(178,10,'2008-02-09',0),
(179,19,'2021-11-25',1),
(180,9,'2011-10-01',1),
(181,11,'1976-05-22',1),
(182,7,'1971-11-14',0),
(183,15,'2010-02-22',0),
(184,20,'1999-08-12',0),
(185,6,'1979-12-13',1),
(186,13,'2018-07-03',0),
(187,6,'1976-01-16',0),
(188,17,'1975-08-03',1),
(189,12,'2022-06-12',1),
(190,11,'1998-02-17',1),
(191,6,'1989-11-26',1),
(192,1,'2007-04-08',1),
(193,13,'2017-02-21',0),
(194,10,'1972-09-30',0),
(195,3,'1973-12-22',0),
(196,11,'2025-06-27',0),
(197,7,'1988-09-30',0),
(198,12,'2000-05-13',1),
(199,16,'1986-11-03',1),
(200,3,'2001-12-04',1),
(201,18,'2003-12-05',1),
(202,20,'2016-02-13',1),
(203,6,'2025-05-15',0),
(204,14,'2022-10-14',0),
(205,15,'1972-12-03',0),
(206,16,'1973-01-25',1),
(207,2,'1993-09-10',0),
(208,16,'2020-08-08',1),
(209,3,'2023-06-25',0),
(210,5,'2016-09-27',1),
(211,20,'1977-07-24',0),
(212,15,'1985-09-08',0),
(213,2,'2023-10-01',0),
(214,4,'2014-04-13',1),
(215,1,'1980-12-04',0),
(216,14,'1974-02-07',1),
(217,11,'2022-02-13',1),
(218,6,'2017-10-19',0),
(219,16,'2016-02-06',1),
(220,1,'1996-04-18',0),
(221,6,'1984-05-31',1),
(222,13,'1994-11-30',1),
(223,7,'1988-03-28',1),
(224,4,'2019-03-21',1),
(225,17,'2000-09-08',1),
(226,2,'1992-05-05',1),
(227,17,'2004-02-05',1),
(228,8,'2013-06-15',0),
(229,13,'2010-03-13',0),
(230,18,'1970-03-03',0),
(231,9,'1988-11-19',0),
(232,15,'1999-06-25',1),
(233,17,'1975-03-25',1),
(234,20,'1972-03-11',1),
(235,18,'1972-04-18',0),
(236,4,'2013-09-23',0),
(237,5,'1980-06-22',1),
(238,6,'1992-01-02',0),
(239,7,'1974-01-18',0),
(240,6,'2001-10-24',1),
(241,12,'2012-01-19',0),
(242,8,'2010-06-26',0),
(243,2,'1996-04-21',1),
(244,19,'2021-12-08',0),
(245,3,'1987-10-03',1),
(246,5,'1972-02-23',1),
(247,14,'1989-05-14',0),
(248,16,'2017-03-16',1),
(249,9,'1994-01-05',1),
(250,14,'1971-07-14',0),
(251,1,'2005-01-04',1),
(252,17,'1981-12-30',0),
(253,7,'2006-12-28',1),
(254,3,'1976-04-28',1),
(255,17,'1977-12-23',1),
(256,10,'2011-06-28',1),
(257,9,'1997-04-10',1),
(258,2,'2020-12-29',1),
(259,2,'1993-08-24',0),
(260,5,'2008-07-05',1),
(261,17,'2005-01-26',0),
(262,7,'1992-04-20',1),
(263,10,'2009-07-15',0),
(264,19,'2000-01-23',0),
(265,11,'2015-06-22',0),
(266,10,'2015-02-08',0),
(267,19,'1996-12-29',0),
(268,7,'1998-03-12',1),
(269,5,'1988-03-06',0),
(270,12,'2018-08-22',0),
(271,20,'1995-09-14',0),
(272,8,'1973-11-14',1),
(273,8,'2019-05-23',0),
(274,17,'1988-09-23',0),
(275,11,'1975-07-27',0),
(276,9,'1970-02-04',0),
(277,7,'2006-03-04',1),
(278,4,'1986-08-02',1),
(279,7,'1988-12-04',1),
(280,20,'1996-04-21',0),
(281,12,'1988-05-14',1),
(282,10,'1989-04-11',1),
(283,18,'1977-07-28',0),
(284,15,'2021-02-21',0),
(285,1,'1983-08-15',1),
(286,8,'2023-12-13',0),
(287,5,'1973-08-19',0),
(288,12,'1990-06-20',1),
(289,3,'2018-01-29',1),
(290,3,'1983-01-26',0),
(291,19,'1991-12-09',1),
(292,13,'1986-12-08',1),
(293,8,'1999-09-06',1),
(294,3,'2021-11-25',0),
(295,20,'1972-09-18',0),
(296,13,'1978-12-23',1),
(297,2,'1996-08-08',1),
(298,3,'1985-07-28',1),
(299,11,'1993-01-10',1),
(300,12,'2006-12-22',1);

/*Test data for Sale_products
-----------------------------------------------------------------------------------*/
INSERT INTO Sale_products (Sale_ID, Product_ID, Product_quantity) VALUES
(1,16,197),
(1,21,400),
(1,23,172),
(6,6,110),
(6,48,350),
(6,49,422),
(7,12,214),
(12,7,380),
(12,9,297),
(13,11,254),
(14,22,21),
(14,45,58),
(16,5,185),
(16,20,190),
(16,44,125),
(17,26,382),
(18,10,302),
(19,22,345),
(19,42,76),
(20,47,222),
(21,10,490),
(25,1,35),
(26,6,209),
(26,22,427),
(26,23,276),
(27,27,35),
(28,44,278),
(29,10,112),
(30,28,343),
(32,40,223),
(34,4,444),
(34,47,453),
(35,10,19),
(35,21,215),
(36,17,240),
(36,24,421),
(36,37,141),
(37,7,382),
(41,35,491),
(42,31,260),
(43,48,90),
(44,33,177),
(44,48,112),
(45,21,194),
(48,15,155),
(50,36,219),
(52,7,498),
(52,41,28),
(52,46,117),
(53,15,341),
(53,16,455),
(53,43,386),
(54,40,277),
(56,35,313),
(59,8,336),
(59,9,29),
(59,24,237),
(60,6,131),
(60,17,261),
(60,42,240),
(62,23,371),
(65,6,68),
(68,8,487),
(69,10,324),
(69,39,227),
(70,20,161),
(72,31,52),
(76,43,346),
(77,48,88),
(79,20,257),
(79,39,330),
(80,3,133),
(80,39,78),
(80,42,185),
(82,27,5),
(82,45,190),
(83,8,104),
(83,34,154),
(83,35,326),
(84,3,310),
(85,46,275),
(86,9,218),
(87,19,108),
(88,14,188),
(88,36,23),
(90,25,414),
(93,25,460),
(93,28,252),
(95,6,338),
(95,43,472),
(96,9,203),
(96,41,59),
(100,20,232),
(100,33,239),
(100,39,221),
(101,43,88),
(102,2,268),
(102,6,164),
(103,13,12),
(106,1,455),
(106,5,2),
(106,38,264),
(107,14,110),
(107,23,19),
(108,23,214),
(108,33,225),
(109,9,175),
(109,30,121),
(109,49,167),
(110,47,253),
(114,35,362),
(116,18,389),
(118,1,448),
(118,13,40),
(118,32,458),
(119,2,292),
(119,43,240),
(120,14,125),
(120,26,404),
(124,7,290),
(124,17,285),
(125,23,263),
(128,4,68),
(128,34,380),
(128,37,60),
(129,3,122),
(130,14,104),
(132,44,259),
(133,16,132),
(133,27,388),
(138,9,226),
(138,16,210),
(138,32,359),
(140,47,106),
(141,3,457),
(141,9,57),
(141,39,191),
(142,38,432),
(142,48,5),
(145,47,89),
(148,20,226),
(149,46,336),
(149,49,265),
(152,15,323),
(152,48,430),
(153,6,171),
(153,7,232),
(154,11,369),
(154,29,249),
(155,37,306),
(156,6,485),
(156,17,192),
(156,20,142),
(160,23,215),
(160,26,49),
(160,45,201),
(162,49,26),
(163,22,6),
(164,31,336),
(165,12,367),
(165,31,258),
(166,44,314),
(169,19,80),
(171,4,65),
(171,42,454),
(171,49,144),
(172,43,272),
(174,49,364),
(176,17,92),
(180,39,112),
(180,47,452),
(181,23,289),
(181,28,305),
(182,13,362),
(182,37,131),
(183,49,326),
(185,17,8),
(187,19,348),
(187,46,270),
(189,10,396),
(190,30,429),
(196,2,425),
(196,36,331),
(197,26,16),
(197,42,248),
(198,30,399),
(198,35,194),
(199,7,341),
(199,11,111),
(199,22,71),
(199,43,451),
(202,13,380),
(203,42,289),
(203,45,286),
(204,8,340),
(205,41,402),
(206,5,471),
(206,28,149),
(209,7,354),
(209,42,294),
(209,47,269),
(210,16,13),
(212,13,468),
(212,21,467),
(213,27,196),
(213,31,55),
(213,38,137),
(213,44,61),
(214,23,371),
(214,43,174),
(216,35,368),
(217,12,333),
(217,31,100),
(217,43,476),
(217,44,81),
(218,46,144),
(219,1,310),
(219,16,298),
(219,26,158),
(226,42,402),
(227,12,223),
(227,19,270),
(228,9,308),
(228,29,219),
(229,20,330),
(231,6,477),
(231,36,243),
(232,7,241),
(233,4,21),
(233,35,57),
(234,8,243),
(236,15,388),
(236,32,294),
(237,5,132),
(237,33,170),
(237,35,114),
(239,22,330),
(240,48,323),
(242,48,350),
(243,38,152),
(244,33,75),
(245,14,445),
(245,21,306),
(245,40,90),
(247,31,146),
(248,2,11),
(249,6,308),
(250,21,482),
(250,23,205),
(250,32,148),
(251,1,85),
(252,38,52),
(253,29,57),
(254,49,474),
(257,40,412),
(257,47,52),
(260,7,403),
(260,21,379),
(261,29,203),
(261,31,442),
(263,8,29),
(263,29,15),
(264,9,28),
(264,29,30),
(264,48,36),
(265,3,463),
(266,19,158),
(267,18,105),
(267,26,103),
(267,35,216),
(269,4,497),
(270,24,107),
(271,32,92),
(273,10,263),
(273,32,203),
(274,39,209),
(276,24,158),
(277,29,218),
(278,34,285),
(280,43,106),
(281,25,42),
(282,27,123),
(282,47,140),
(283,30,325),
(284,9,124),
(286,3,42),
(287,4,81),
(287,11,330),
(287,18,259),
(288,23,361),
(288,40,176),
(290,31,194),
(291,16,361),
(292,8,84),
(292,15,366),
(292,25,287),
(294,7,492),
(294,40,451),
(295,44,388),
(300,38,11);

/*Test data for Item_stock
-----------------------------------------------------------------------------------*/
INSERT INTO Item_stock (Stock_ID, Item_ID, Branch_ID, Item_quantity) VALUES
(1,128,1,73),
(2,53,2,231),
(3,124,13,134),
(4,119,8,270),
(5,67,12,73),
(6,119,14,117),
(7,7,13,349),
(8,72,17,362),
(9,129,14,311),
(10,58,16,217),
(11,7,6,192),
(12,21,11,444),
(13,100,14,34),
(14,51,2,59),
(15,7,19,382),
(16,71,8,427),
(17,49,10,386),
(18,54,16,465),
(19,62,3,3),
(20,116,6,319),
(21,185,5,255),
(22,138,19,486),
(23,127,13,105),
(24,199,12,415),
(25,164,8,153),
(26,134,5,139),
(27,93,10,98),
(28,112,5,464),
(29,16,1,313),
(30,161,13,380),
(31,191,17,159),
(32,30,6,15),
(33,85,1,458),
(34,11,1,234),
(35,172,8,10),
(36,25,20,137),
(37,1,15,36),
(38,124,8,394),
(39,165,15,310),
(40,165,13,416),
(41,53,4,104),
(42,46,16,431),
(43,97,6,476),
(44,34,7,132),
(45,50,6,160),
(46,186,18,488),
(47,58,20,48),
(48,36,15,206),
(49,169,7,499),
(50,174,11,339),
(51,124,14,267),
(52,139,4,4),
(53,163,7,19),
(54,92,18,487),
(55,31,5,459),
(56,108,15,394),
(57,193,2,14),
(58,137,17,9),
(59,176,13,102),
(60,22,17,86),
(61,170,7,348),
(62,189,17,67),
(63,169,14,118),
(64,81,14,202),
(65,105,6,491),
(66,166,18,128),
(67,120,16,175),
(68,50,9,183),
(69,50,14,320),
(70,197,7,495),
(71,158,9,486),
(72,79,5,58),
(73,171,6,470),
(74,153,6,284),
(75,150,17,332),
(76,107,13,245),
(77,193,16,100),
(78,115,5,452),
(79,63,4,65),
(80,193,4,243),
(81,183,20,290),
(82,32,1,93),
(83,35,11,487),
(84,53,13,37),
(85,125,3,41),
(86,73,1,300),
(87,115,3,339),
(88,51,18,444),
(89,42,18,61),
(90,71,10,28),
(91,23,2,316),
(92,151,16,42),
(93,174,8,399),
(94,6,20,433),
(95,88,1,214),
(96,26,17,461),
(97,108,10,348),
(98,128,4,41),
(99,187,13,142),
(100,114,14,360),
(101,159,20,347),
(102,44,6,155),
(103,26,4,290),
(104,177,3,221),
(105,169,5,322),
(106,17,12,420),
(107,175,15,369),
(108,118,7,100),
(109,189,12,59),
(110,89,20,327),
(111,59,15,64),
(112,194,2,494),
(113,75,2,4231),
(114,88,2,2312),
(115,99,2,3321),
(116,46,3,149),
(117,61,12,183),
(118,136,17,103),
(119,168,20,35),
(120,90,5,103),
(121,195,18,287),
(122,28,7,22),
(123,180,8,242),
(124,151,20,28),
(125,35,1,226),
(126,185,9,498),
(127,172,13,9),
(128,6,7,474),
(129,81,18,130),
(130,10,20,426),
(131,157,2,92),
(132,64,18,95),
(133,52,15,428),
(134,22,7,182),
(135,8,3,104),
(136,189,19,187),
(137,2,6,75),
(138,14,8,282),
(139,178,9,381),
(140,104,9,62),
(141,7,4,477),
(142,181,2,390),
(143,9,6,428),
(144,55,2,365),
(145,44,18,64),
(146,200,13,270),
(147,99,7,49),
(148,82,7,118),
(149,12,19,279),
(150,103,4,24),
(151,40,3,367),
(152,115,4,265),
(153,134,1,162),
(154,41,17,78),
(155,145,20,181),
(156,171,12,189),
(157,4,13,295),
(158,148,8,226),
(159,55,6,422),
(160,2,19,280),
(161,170,10,471),
(162,127,6,32),
(163,161,6,472),
(164,100,11,357),
(165,19,7,452),
(166,35,20,165),
(167,16,16,238),
(168,105,5,169),
(169,13,3,202),
(170,18,20,220),
(171,200,11,157),
(172,163,16,479),
(173,28,11,423),
(174,123,2,370),
(175,12,9,200),
(176,85,8,349),
(177,148,16,53),
(178,127,2,445),
(179,126,7,281),
(180,147,7,357),
(181,69,2,329),
(182,112,16,287),
(183,64,6,180),
(184,112,17,48),
(185,17,14,321),
(186,106,1,71),
(187,170,5,110),
(188,192,17,29),
(189,79,6,439),
(190,80,3,76),
(191,161,10,221),
(192,60,15,230),
(193,177,20,26),
(194,54,8,171),
(195,167,13,29),
(196,186,20,198),
(197,161,2,52),
(198,161,11,478),
(199,117,12,65),
(200,50,20,383),
(201,6,6,375),
(202,129,12,281),
(203,80,20,399),
(204,171,14,236),
(205,155,3,114),
(206,112,12,435),
(207,41,9,460),
(208,90,10,248),
(209,89,15,451),
(210,78,10,239),
(211,189,9,363),
(212,167,14,198),
(213,185,4,126),
(215,141,11,251),
(216,168,4,54),
(217,90,2,362),
(218,88,19,136),
(219,88,8,137),
(220,151,18,287),
(221,44,13,135),
(222,183,17,241),
(223,163,12,324),
(224,193,10,242),
(225,46,2,34),
(226,143,1,439),
(227,137,13,212),
(228,91,13,40),
(229,140,18,145),
(230,169,20,194),
(231,41,16,52),
(232,127,18,109),
(233,179,8,271),
(234,67,5,40),
(235,118,20,298),
(236,115,17,403),
(237,19,2,398),
(238,123,7,325),
(239,102,13,187),
(240,29,5,99),
(241,106,12,47),
(242,141,8,442),
(243,134,11,205),
(244,113,12,401),
(245,149,12,459),
(246,136,19,87),
(247,182,19,394),
(248,45,7,414),
(249,140,11,202),
(250,88,11,104),
(251,168,3,416),
(252,66,9,60),
(253,146,13,467),
(254,92,17,137),
(255,194,17,359),
(256,170,3,238),
(257,149,19,469),
(258,167,4,481),
(259,65,5,285),
(260,17,10,477),
(261,5,15,477),
(262,106,5,132),
(263,74,8,32),
(264,44,9,126),
(265,181,1,107),
(266,142,20,360),
(267,36,8,428),
(268,117,11,292),
(269,58,17,390),
(270,189,10,261),
(271,173,5,107),
(272,138,17,379),
(273,166,13,330),
(274,197,3,96),
(275,125,4,477),
(276,18,15,90),
(277,65,1,112),
(278,62,2,450),
(279,26,7,416),
(280,197,2,392),
(281,163,10,39),
(282,77,10,351),
(283,96,20,193),
(284,6,5,411),
(285,142,7,269),
(286,83,5,390),
(287,177,2,352),
(288,16,10,148),
(289,118,13,114),
(290,37,20,358),
(291,10,2,492),
(292,69,18,374),
(293,129,4,186),
(294,14,12,188),
(295,161,5,206),
(296,42,6,268),
(297,14,15,66),
(298,100,2,164),
(299,19,11,4),
(300,101,8,243),
(301,190,11,346),
(302,144,6,130),
(303,83,7,474),
(304,37,5,103),
(305,52,8,165),
(306,144,10,329),
(307,198,12,83),
(308,64,5,140),
(309,54,17,3),
(310,182,17,12),
(311,96,1,216),
(312,149,3,175),
(313,139,14,219),
(314,158,3,122),
(315,102,11,421),
(316,50,13,270),
(317,45,12,346),
(318,67,18,223),
(319,83,6,192),
(320,32,13,343),
(321,15,20,247),
(322,43,7,253),
(323,6,3,459),
(324,109,5,237),
(325,68,12,457),
(326,4,17,374),
(327,79,1,407),
(328,53,5,13),
(329,138,14,15),
(330,144,15,397),
(331,61,8,396),
(332,16,6,416),
(333,3,7,366),
(334,194,1,419),
(335,88,18,363),
(336,26,14,94),
(337,132,5,192),
(338,50,2,113),
(339,177,6,244),
(340,155,11,360),
(341,177,11,262),
(342,153,7,464),
(343,20,4,347),
(344,12,11,120),
(345,29,4,199),
(346,25,18,463),
(347,93,19,347),
(348,139,12,164),
(349,28,10,468),
(350,171,3,25),
(351,118,2,294),
(352,190,4,352),
(353,54,4,357),
(354,66,10,278),
(355,187,11,418),
(356,130,10,417),
(357,79,4,22),
(358,196,20,289),
(359,193,9,100),
(360,76,5,432),
(361,163,19,249),
(362,55,5,170),
(363,71,13,150),
(364,102,10,445),
(365,188,1,373),
(366,117,18,256),
(367,119,5,316),
(368,105,17,176),
(369,117,13,295),
(370,148,10,399),
(371,115,16,397),
(372,199,15,235),
(373,9,19,32),
(374,129,17,105),
(375,14,16,250),
(376,7,3,173),
(377,86,1,356),
(378,97,15,81),
(379,57,13,376),
(380,135,10,23),
(381,153,5,367),
(382,158,1,325),
(383,132,15,297),
(384,108,3,322),
(385,87,10,473),
(386,83,17,22),
(387,9,13,486),
(388,148,15,370),
(389,164,17,411),
(390,147,15,299),
(391,84,17,352),
(392,54,3,393),
(393,109,15,368),
(394,110,5,28),
(395,36,4,223),
(396,34,14,372),
(397,155,15,32),
(398,16,12,281),
(399,89,14,173),
(400,94,6,353),
(401,116,13,94),
(402,164,2,443),
(403,175,10,7),
(404,149,16,299),
(405,90,18,64),
(406,184,14,165),
(407,125,8,103),
(408,127,19,385),
(409,133,2,467),
(410,67,13,71),
(411,108,16,332),
(412,191,2,193),
(413,172,19,433),
(414,124,10,225),
(415,32,10,194),
(416,79,9,416),
(417,56,4,273),
(418,88,20,88),
(419,126,17,4),
(420,134,13,71),
(421,117,2,261),
(422,25,9,464),
(423,89,13,339),
(424,168,7,393),
(425,163,2,206),
(426,197,5,469),
(427,41,2,314),
(428,120,10,214),
(429,157,14,358),
(430,139,5,292),
(431,102,15,92),
(432,14,9,427),
(433,175,2,117),
(434,90,20,303),
(435,4,2,188),
(436,31,11,95),
(437,63,15,425),
(438,98,14,464),
(439,12,17,318),
(440,182,20,461),
(441,128,8,299),
(442,179,10,226),
(443,72,9,55),
(444,78,17,65),
(445,121,8,442),
(446,104,3,62),
(447,74,16,204),
(448,102,6,485),
(449,42,9,77),
(450,194,3,172),
(451,176,14,303),
(452,51,10,112),
(453,121,15,232),
(454,62,18,201),
(455,114,16,315),
(456,146,1,451),
(457,154,1,476),
(458,161,14,177),
(459,151,19,54),
(460,73,20,25),
(461,185,15,406),
(462,154,16,55),
(463,140,12,464),
(464,70,8,269),
(465,56,8,53),
(466,40,17,463),
(467,140,10,330),
(468,119,6,346),
(469,101,9,403),
(470,103,9,20),
(471,71,16,193),
(472,118,3,2),
(473,137,15,374),
(474,46,4,498),
(475,131,9,117),
(476,80,4,493),
(477,15,13,163),
(478,173,9,200),
(479,100,10,418),
(480,14,17,375),
(481,44,20,198),
(482,48,10,103),
(483,2,15,365),
(484,171,9,420),
(485,123,17,126),
(486,129,5,181),
(487,17,16,200),
(488,83,13,442),
(489,198,19,328),
(490,24,2,307),
(491,152,19,94),
(492,116,16,376),
(493,136,3,383),
(494,125,19,461),
(495,199,9,48),
(496,143,13,215),
(497,137,14,165),
(498,149,15,183),
(499,170,15,371),
(500,58,9,262),
(501,143,4,185),
(502,36,12,123),
(503,65,9,113),
(504,61,20,222),
(505,172,3,254),
(506,165,17,202),
(507,17,19,360),
(508,46,17,63),
(509,80,19,244),
(510,80,11,257),
(511,70,10,48),
(512,98,12,222),
(513,29,1,50),
(514,57,14,102),
(515,14,11,379),
(516,94,3,94),
(517,85,10,135),
(518,36,3,375),
(519,196,11,183),
(520,149,13,276),
(521,43,12,51),
(522,25,6,125),
(523,166,15,24),
(524,148,17,415),
(525,61,18,400),
(526,199,1,293),
(527,68,13,336),
(528,44,10,434),
(529,121,16,105),
(530,112,19,356),
(531,86,14,496),
(532,57,15,199),
(533,75,13,434),
(534,189,1,308),
(535,64,8,368),
(536,29,16,87),
(537,67,3,344),
(538,192,13,89),
(539,81,6,405),
(541,173,17,321),
(542,98,10,276),
(543,1,2,131),
(544,162,15,130),
(545,16,17,274),
(546,18,6,325),
(547,72,8,137),
(548,171,4,375),
(549,66,4,80),
(550,91,7,6);

/*Test data for Deliveries
-----------------------------------------------------------------------------------*/
INSERT INTO Deliveries (Delivery_ID, Branch_ID, Delivery_date_time, Is_delivered) VALUES
(1,7,'2016-08-09 12:27:28',0),
(2,18,'2011-11-13 14:57:09',1),
(3,20,'1991-08-26 08:03:05',0),
(4,16,'1974-06-04 13:59:37',0),
(5,20,'2021-06-06 20:01:57',1),
(6,10,'1974-09-27 02:17:43',1),
(7,13,'1970-10-02 21:12:04',0),
(8,6,'1992-10-13 12:21:46',0),
(9,4,'2005-02-19 21:31:08',0),
(10,5,'2002-04-30 16:03:56',1),
(11,17,'2025-11-10 10:27:54',0),
(12,8,'2025-11-03 14:46:44',1),
(13,12,'2025-11-21 23:21:05',0),
(14,2,'2025-11-10 07:57:05',0),
(15,6,'2025-11-22 10:08:51',0),
(16,12,'2025-11-18 02:41:42',1),
(17,2,'2025-11-13 03:29:18',1),
(18,17,'2000-06-23 13:02:21',0),
(19,6,'2013-09-09 15:14:56',0),
(20,19,'1972-07-07 16:37:23',0),
(21,12,'1998-06-28 10:59:09',1),
(22,10,'1996-07-29 21:31:43',0),
(23,15,'2002-05-01 05:00:07',0),
(24,2,'2013-11-20 17:01:25',0),
(25,18,'1995-11-06 21:46:51',0),
(26,5,'2011-02-23 12:00:42',1),
(27,1,'2004-11-30 19:26:34',1),
(28,19,'2003-06-30 08:32:06',0),
(29,13,'2025-12-28 05:33:33',0),
(30,10,'1973-01-27 21:22:27',1),
(31,14,'2004-10-03 09:15:31',1),
(32,14,'1984-02-25 23:26:46',1),
(33,8,'1981-02-22 15:06:24',0),
(34,3,'1977-03-28 08:20:35',0),
(35,9,'2025-12-04 05:35:48',0),
(36,17,'1997-08-05 18:15:51',1),
(37,8,'2019-03-06 04:13:07',0),
(38,18,'1974-09-05 02:49:18',0),
(39,8,'1978-05-04 10:54:44',1),
(40,19,'1979-08-16 12:02:25',0),
(41,2,'2000-10-16 12:26:11',1),
(42,1,'1979-06-19 14:39:37',1),
(43,18,'2025-12-05 04:22:41',1),
(44,11,'2000-04-07 12:32:20',0),
(45,13,'2026-05-06 01:06:05',0),
(46,10,'1990-09-26 14:01:01',1),
(47,8,'2017-07-07 15:02:22',0),
(48,14,'2002-08-29 02:02:32',0),
(49,3,'2025-12-13 21:50:36',1),
(50,6,'2019-04-24 07:56:21',0),
(51,6,'1979-09-17 22:50:32',1),
(52,19,'1982-09-21 00:07:06',0),
(53,10,'1996-10-13 10:08:59',0),
(54,14,'1991-03-11 04:10:19',0),
(55,16,'1988-04-21 20:55:32',0),
(56,13,'1983-09-27 09:18:18',1),
(57,5,'2025-12-03 23:48:29',1),
(58,5,'1998-06-18 00:25:11',1),
(59,17,'1979-11-04 09:45:53',0),
(60,9,'2012-06-29 13:03:46',0),
(61,4,'1992-06-06 12:21:34',1),
(62,2,'1984-04-05 05:23:24',0),
(63,14,'1973-11-21 23:24:12',1),
(64,20,'2025-02-02 23:13:00',1),
(65,17,'1996-07-04 23:30:23',0),
(66,20,'2003-04-12 02:14:03',0),
(67,14,'2020-08-05 05:08:32',0),
(68,5,'2025-12-30 06:51:49',0),
(69,16,'2024-04-05 13:19:20',1),
(70,3,'2005-04-18 02:30:13',1),
(71,6,'2008-05-28 19:15:17',1),
(72,12,'2004-03-13 08:13:42',0),
(73,18,'1975-02-17 18:07:08',0),
(74,4,'1986-08-19 03:25:56',1),
(75,10,'2005-02-27 16:26:48',0),
(76,7,'2012-10-25 09:43:42',1),
(77,17,'1991-10-28 21:00:02',1),
(78,15,'1991-06-21 21:46:16',1),
(79,2,'2008-01-16 22:34:12',1),
(80,19,'1992-03-19 04:22:07',0),
(81,17,'1974-09-27 11:24:36',1),
(82,20,'2012-09-11 13:47:43',0),
(83,16,'1976-10-10 23:32:24',1),
(84,11,'2000-05-02 21:48:42',0),
(85,18,'1993-11-25 15:45:04',0),
(86,2,'2002-10-03 21:06:51',0),
(87,18,'1980-02-10 08:01:38',1),
(88,7,'1981-12-02 11:38:00',0),
(89,2,'2001-11-21 02:05:48',1),
(90,9,'2007-04-11 20:03:59',0),
(91,2,'2018-08-27 06:13:33',0),
(92,9,'2019-02-26 17:48:39',0),
(93,17,'1994-03-02 14:14:32',0),
(94,5,'2015-07-27 08:58:17',1),
(95,17,'2026-01-04 14:25:09',1),
(96,11,'1970-01-17 10:28:01',1),
(97,7,'2016-03-18 12:36:37',0),
(98,5,'1985-03-08 10:47:54',0),
(99,13,'1971-06-17 21:23:16',0),
(100,13,'1975-02-24 23:14:08',0),
(101,19,'1995-12-28 20:06:50',0),
(102,17,'1997-08-29 09:06:00',0),
(103,19,'2014-11-24 03:10:24',0),
(104,14,'1982-06-15 01:08:28',1),
(105,16,'2021-03-19 17:20:56',1),
(106,3,'1973-07-02 23:27:19',0),
(107,17,'2018-03-18 04:00:16',1),
(108,3,'2009-06-29 18:59:09',1),
(109,7,'2002-03-24 04:11:09',1),
(110,2,'2026-01-22 12:48:37',1),
(111,9,'1986-04-06 21:15:01',0),
(112,12,'2020-03-26 06:15:23',1),
(113,9,'1979-05-01 08:31:19',1),
(114,8,'1983-09-23 05:53:12',1),
(115,15,'2002-12-26 03:40:50',1),
(116,2,'1978-04-04 14:08:39',0),
(117,7,'1971-09-08 02:10:09',1),
(118,6,'2026-01-22 22:17:06',0),
(119,9,'1980-11-21 05:01:53',1),
(120,7,'2025-06-03 10:07:59',0),
(121,17,'2016-06-13 18:44:26',1),
(122,13,'1986-04-08 03:17:16',0),
(123,10,'2010-04-28 04:27:19',1),
(124,3,'1974-09-22 18:58:56',1),
(125,4,'1978-08-14 06:56:55',1),
(126,17,'1991-09-27 02:34:10',1),
(127,16,'2004-06-28 20:34:36',1),
(128,14,'1997-09-28 08:59:29',0),
(129,5,'2026-01-20 00:22:16',1),
(130,12,'2026-02-18 12:44:11',1),
(131,15,'2026-01-11 12:32:22',0),
(132,3,'2026-01-18 17:31:38',0),
(133,17,'1984-02-15 20:50:11',1),
(134,1,'2006-07-19 22:21:06',1),
(135,9,'2018-12-09 13:23:15',0),
(136,17,'2020-07-08 20:14:17',0),
(137,10,'1980-07-04 22:19:54',1),
(138,9,'1980-04-26 20:36:29',1),
(139,13,'1997-08-24 19:34:09',0),
(140,19,'2018-11-04 04:59:04',0),
(141,10,'2012-02-21 06:50:03',0),
(142,9,'2005-07-25 00:12:31',0),
(143,19,'2000-01-05 09:58:13',1),
(144,15,'2013-03-22 10:32:28',1),
(145,12,'1996-06-14 11:34:41',0),
(146,2,'2003-06-04 15:11:21',1),
(147,5,'2019-08-04 10:50:43',1),
(148,18,'2016-11-15 00:44:59',0),
(149,13,'2003-12-11 05:54:09',1),
(150,16,'1979-11-08 12:27:20',1),
(151,13,'1999-01-08 05:46:52',1),
(152,15,'1996-06-21 02:45:58',0),
(153,10,'2026-02-04 17:02:39',1),
(154,4,'2023-04-14 14:24:04',1),
(155,12,'1991-12-23 06:42:59',1),
(156,11,'2012-11-16 08:56:15',0),
(157,8,'2026-02-15 04:52:21',1),
(158,9,'1998-11-18 20:21:23',0),
(159,15,'2026-02-20 21:15:08',0),
(160,6,'2018-12-21 16:59:15',1),
(161,15,'2026-02-17 20:37:51',1),
(162,7,'2023-06-19 13:34:08',1),
(163,9,'2016-09-22 17:23:23',1),
(164,4,'2009-05-03 12:44:58',1),
(165,15,'2008-09-13 09:30:51',1),
(166,18,'1986-10-12 15:35:25',1),
(167,3,'1976-10-01 07:26:38',1),
(168,18,'1996-08-27 07:45:02',0),
(169,20,'1981-09-20 21:12:33',0),
(170,7,'1999-12-28 03:24:07',1),
(171,5,'2020-09-17 12:35:46',1),
(172,3,'2008-12-18 14:35:29',1),
(173,19,'1979-05-28 23:07:29',0),
(174,20,'2008-12-25 11:51:35',0),
(175,19,'2026-02-18 18:04:17',0),
(176,7,'1978-11-09 20:10:07',1),
(177,4,'1982-10-13 21:41:39',1),
(178,4,'2005-08-15 20:28:53',0),
(179,5,'2021-04-16 16:45:42',1),
(180,10,'2022-06-17 08:13:58',0),
(181,1,'1992-09-13 15:30:32',1),
(182,11,'1971-06-22 22:48:22',0),
(183,4,'2002-06-19 09:08:50',0),
(184,9,'1986-03-30 06:38:51',0),
(185,19,'1971-11-24 07:56:03',1),
(186,12,'1984-10-07 15:35:19',1),
(187,18,'1996-11-12 06:46:26',1),
(188,20,'2025-03-03 20:18:47',0),
(189,18,'2013-09-02 00:23:08',0),
(190,15,'2026-02-28 04:42:31',0),
(191,12,'1970-11-22 08:43:59',1),
(192,3,'2008-02-21 11:28:46',0),
(193,19,'2026-02-22 10:24:36',1),
(194,15,'2022-06-18 09:07:18',0),
(195,5,'2001-12-24 03:39:56',0),
(196,16,'2008-12-30 05:20:02',0),
(197,7,'1970-08-03 08:51:14',1),
(198,13,'2004-01-11 10:35:38',1),
(199,11,'1995-06-24 13:51:40',1),
(200,3,'1993-10-15 07:19:14',1);

/*Test data for Delivery_items
-----------------------------------------------------------------------------------*/
INSERT INTO Delivery_items (Delivery_ID, Item_ID, Item_quantity) VALUES
(2,4,32),
(2,111,219),
(2,156,368),
(2,165,449),
(3,37,68),
(3,56,227),
(4,7,330),
(4,42,202),
(5,31,118),
(5,141,374),
(6,117,197),
(7,26,472),
(7,121,455),
(8,44,266),
(8,80,389),
(8,152,104),
(8,195,122),
(9,93,266),
(9,104,461),
(9,120,216),
(9,147,34),
(9,184,215),
(10,25,130),
(11,98,453),
(11,113,225),
(12,42,442),
(12,66,327),
(14,2,240),
(14,21,81),
(14,94,34),
(15,135,363),
(16,40,289),
(16,49,2),
(16,80,182),
(16,198,277),
(17,178,169),
(18,42,272),
(18,94,404),
(18,125,320),
(19,42,366),
(19,166,150),
(20,192,98),
(21,24,441),
(21,150,297),
(22,36,449),
(22,80,254),
(22,95,133),
(23,38,11),
(23,61,296),
(23,84,107),
(24,63,334),
(24,138,262),
(24,156,365),
(25,2,8),
(25,52,453),
(26,171,451),
(27,33,372),
(28,134,330),
(28,137,350),
(28,139,113),
(29,51,16),
(29,55,40),
(29,80,291),
(30,22,307),
(30,148,380),
(30,150,128),
(31,134,368),
(33,3,52),
(33,107,467),
(33,130,127),
(33,191,203),
(34,9,26),
(34,96,442),
(34,119,146),
(34,168,62),
(35,8,220),
(35,9,10),
(35,182,61),
(36,83,344),
(36,154,71),
(36,200,405),
(39,66,254),
(39,101,396),
(39,114,193),
(39,120,284),
(40,158,398),
(41,180,272),
(42,176,205),
(43,24,160),
(44,31,441),
(44,93,379),
(44,108,125),
(42,35,399),
(45,80,71),
(46,55,238),
(46,73,93),
(46,135,273),
(47,35,163),
(47,62,103),
(47,188,255),
(48,19,26),
(50,48,429),
(52,162,11),
(53,17,331),
(54,110,460),
(54,175,496),
(54,180,33),
(55,16,258),
(55,62,106),
(55,169,46),
(56,159,454),
(56,184,164),
(56,186,377),
(56,199,329),
(57,136,423),
(58,12,188),
(58,14,360),
(58,123,207),
(59,173,150),
(60,187,292),
(61,14,269),
(61,135,400),
(62,26,331),
(63,114,290),
(63,190,40),
(64,28,469),
(64,85,205),
(65,91,237),
(65,194,299),
(66,21,224),
(66,36,333),
(66,198,406),
(67,13,68),
(68,48,453),
(68,91,440),
(68,130,385),
(69,31,40),
(69,75,487),
(70,75,42),
(70,79,472),
(70,153,318),
(70,165,415),
(71,49,454),
(71,53,390),
(72,24,247),
(73,52,304),
(73,89,43),
(73,129,135),
(74,10,477),
(74,76,109),
(74,92,473),
(75,120,174),
(76,148,276),
(77,97,407),
(77,154,68),
(78,123,410),
(79,49,464),
(79,108,375),
(79,132,488),
(79,146,369),
(79,154,107),
(80,5,145),
(80,107,187),
(81,18,58),
(81,136,450),
(81,163,424),
(82,123,212),
(83,63,369),
(83,98,377),
(83,137,320),
(83,172,260),
(84,134,487),
(84,174,62),
(84,189,303),
(85,31,159),
(85,53,15),
(85,71,492),
(85,130,282),
(85,169,342),
(86,17,398),
(86,19,259),
(86,27,125),
(86,36,209),
(86,105,150),
(86,140,64),
(86,149,345),
(87,95,221),
(87,107,142),
(87,197,153),
(88,166,397),
(88,180,500),
(89,17,498),
(90,32,186),
(90,50,37),
(90,61,176),
(91,160,151),
(92,79,261),
(93,180,395),
(95,91,243),
(96,120,48),
(96,126,475),
(97,44,45),
(99,55,405),
(100,35,55),
(100,80,202),
(100,93,499),
(101,176,449),
(101,180,357),
(102,90,28),
(102,144,118),
(103,16,18),
(103,61,405),
(103,140,496),
(103,166,170),
(104,95,362),
(105,74,13),
(105,86,354),
(105,196,380),
(106,36,452),
(106,138,269),
(107,44,406),
(107,123,335),
(107,184,140),
(107,199,213),
(109,12,297),
(109,187,441),
(110,54,40),
(110,89,147),
(111,19,199),
(111,165,247),
(112,62,305),
(112,86,24),
(112,190,217),
(113,61,383),
(114,161,237),
(114,174,117),
(115,65,187),
(115,151,390),
(116,7,25),
(116,73,379),
(117,65,180),
(117,96,117),
(118,147,406),
(119,122,196),
(120,26,218),
(120,57,183),
(120,94,334),
(120,111,2),
(124,82,339),
(124,194,76),
(125,151,440),
(127,29,28),
(127,86,346),
(128,45,493),
(128,96,435),
(128,99,401),
(128,157,422),
(129,25,108),
(129,49,47),
(129,115,252),
(129,179,261),
(129,181,75),
(130,97,128),
(130,186,73),
(131,21,365),
(131,31,243),
(131,126,12),
(131,147,205),
(132,59,142),
(133,99,118),
(135,17,326),
(136,18,445),
(136,106,323),
(136,110,440),
(136,145,472),
(137,3,16),
(137,32,90),
(138,79,124),
(138,106,405),
(138,134,317),
(139,28,297),
(140,80,138),
(140,196,473),
(141,189,43),
(141,197,262),
(141,198,468),
(142,148,93),
(143,71,276),
(144,96,209),
(144,195,344),
(145,78,417),
(145,128,30),
(145,150,468),
(145,173,481),
(146,6,171),
(146,10,262),
(146,144,360),
(147,12,317),
(147,133,456),
(148,44,107),
(148,108,448),
(148,186,418),
(149,12,322),
(149,31,3),
(149,80,370),
(150,29,100),
(150,50,77),
(150,130,453),
(151,85,35),
(153,9,156),
(153,189,471),
(155,3,381),
(156,48,446),
(156,162,75),
(156,170,102),
(156,193,288),
(157,192,156),
(158,95,251),
(159,61,470),
(161,170,19),
(161,185,449),
(162,1,107),
(162,141,381),
(163,90,380),
(164,23,186),
(165,43,181),
(165,76,149),
(165,119,157),
(165,167,497),
(165,179,491),
(165,180,285),
(166,98,42),
(166,200,417),
(167,9,489),
(167,121,132),
(167,158,295),
(168,54,253),
(168,124,440),
(168,138,17),
(168,154,193),
(168,172,36),
(169,8,103),
(169,69,127),
(169,81,70),
(169,98,108),
(169,115,308),
(170,86,151),
(170,98,163),
(170,115,459),
(172,68,60),
(173,80,246),
(173,86,75),
(173,188,344),
(173,189,247),
(173,199,338),
(174,125,126),
(175,44,268),
(176,27,33),
(176,50,481),
(176,71,2),
(176,135,65),
(177,73,220),
(178,31,362),
(178,41,20),
(178,75,234),
(178,110,8),
(179,71,474),
(179,170,153),
(180,173,418),
(181,39,203),
(182,53,438),
(185,30,328),
(185,73,178),
(185,150,99),
(186,75,468),
(186,135,47),
(188,29,483),
(188,126,396),
(188,131,414),
(189,109,217),
(189,167,344),
(190,9,419),
(190,31,279),
(190,67,51),
(191,99,240),
(191,119,305),
(192,159,128),
(193,11,287),
(193,191,175),
(193,195,449),
(194,41,202),
(194,64,126),
(194,157,171),
(195,20,203),
(196,80,192),
(197,8,356),
(197,90,119),
(199,39,267),
(199,47,218),
(200,41,332);

/*Deletion testing
-------------------------------------------------------------------------------------------------------------------------*/
-- Queries comented out to prevent onslaught of query tabs opening

/*Hard deletes
-----------------------------------------------------------------------------------*/

/* Delivery_items
SELECT * FROM Delivery_items WHERE Delivery_ID = 25 AND Item_ID = 2;
SELECT COUNT(*) FROM Delivery_items;
DELETE FROM Delivery_items WHERE Delivery_ID = 25 AND Item_ID = 2;
SELECT * FROM Delivery_items WHERE Delivery_ID = 25 AND Item_ID = 2;
SELECT COUNT(*) FROM Delivery_items;
*/

/* Deliveries
DELETE FROM Delivery_items WHERE Delivery_ID = 25;
Select * FROM Deliveries WHERE Delivery_ID = 25;
SELECT COUNT(*) FROM Deliveries;
DELETE FROM Deliveries WHERE Delivery_ID = 25;
Select * FROM Deliveries WHERE Delivery_ID = 25;
SELECT COUNT(*) FROM Deliveries;
*/

/* Item_stock
SELECT * FROM Item_stock WHERE Stock_ID = 5;
SELECT COUNT(*) FROM Item_stock;
DELETE FROM Item_stock WHERE Stock_ID = 5;
SELECT * FROM Item_stock WHERE Stock_ID = 5;
SELECT COUNT(*) FROM Item_stock;
*/

/* Product_ingredients
SELECT * FROM Product_ingredients WHERE Product_ID = 23 AND Ingredient_ID = 54;
SELECT COUNT(*) FROM Product_ingredients;
DELETE FROM Product_ingredients WHERE Product_ID = 23 AND Ingredient_ID = 54;
SELECT * FROM Product_ingredients WHERE Product_ID = 23 AND Ingredient_ID = 54;
SELECT COUNT(*) FROM Product_ingredients;
*/

/*Soft deletes
-----------------------------------------------------------------------------------*/

/* Branches
SELECT * FROM Branches WHERE Branch_ID = 1;
UPDATE Branches SET Is_deleted = TRUE WHERE Branch_ID = 1;
SELECT * FROM Branches WHERE Branch_ID = 1;
*/

/* Inventory_items
SELECT * FROM Inventory_items WHERE Item_ID = 32;
UPDATE Inventory_items SET Is_deleted = TRUE WHERE Item_ID = 32;
SELECT * FROM Inventory_items WHERE Item_ID = 32;
*/

/* Products
SELECT * FROM Products WHERE Product_ID = 1;
UPDATE Products SET Is_deleted = TRUE WHERE Product_ID = 1;
SELECT * FROM Products WHERE Product_ID = 1;
*/

/* Sale_products
SELECT * FROM Sale_products WHERE Sale_ID = 7 AND Product_ID = 12;
UPDATE Sale_products SET Is_deleted = TRUE WHERE Sale_ID = 7 AND Product_ID = 12;
SELECT * FROM Sale_products WHERE Sale_ID = 7 AND Product_ID = 12;
*/

/* Sales
SELECT * FROM Sales WHERE Sale_ID = 7;
UPDATE Sales SET Is_deleted = TRUE WHERE Sale_ID = 7;
SELECT * FROM Sales WHERE Sale_ID = 7;
*/

/*Cascading deletes (Via triggers)
-----------------------------------------------------------------------------------*/

/* Soft deletes Sale_products when the corresponding sale is soft deleted
SELECT * FROM Sale_products WHERE Sale_ID = 26;
UPDATE Sales SET Is_deleted = TRUE WHERE Sale_ID = 26;
SELECT * FROM Sale_products WHERE Sale_ID = 26;
*/

/* Soft deletes the corresponding product when an Inventory_item record is deleted
SELECT * FROM Products WHERE Item_ID = 11;
UPDATE Inventory_items SET Is_deleted = TRUE WHERE Item_ID = 11;
SELECT * FROM Products WHERE Item_ID = 11;
*/

/*Manualy cascading record restoration (soft un-delete)
-----------------------------------------------------------------------------------*/

/* Restores corresponding Sale_product records when a product is restored
UPDATE Sales SET Is_deleted = TRUE WHERE Sale_ID = 26;
SELECT * FROM Sale_products WHERE Sale_ID = 26;
UPDATE Sales SET Is_deleted = FALSE WHERE Sale_ID = 26;
SELECT * FROM Sale_products WHERE Sale_ID = 26;
*/

/*Restores the corresponding product when an inventory_item is restored
UPDATE Inventory_items SET Is_deleted = TRUE WHERE Item_ID = 11;
SELECT * FROM Products WHERE Item_ID = 11;
UPDATE Inventory_items SET Is_deleted = FALSE WHERE Item_ID = 11;
SELECT * FROM Products WHERE Item_ID = 11;
*/

/*Blocked deletes (Not deletable directly by users)
-----------------------------------------------------------------------------------*/

/* Blocks soft deleted to products (Soft deleted to products must be through their Inventory_item record)
SELECT * FROM Products WHERE Product_ID = 7;
UPDATE Products SET Is_deleted = TRUE WHERE Product_ID = 7;
SELECT * FROM Products WHERE Product_ID = 7;
*/

/*Testing with challenging charecters
-------------------------------------------------------------------------------------------------------------------------*/

/*Varchar fields
-----------------------------------------------------------------------------------*/

/*
-- Branches.Branch_name, Branches.Branch_phone_number and Branches.Branch_city
INSERT INTO Branches (Branch_name, Branch_phone_number, Branch_city) VALUES
('--', '--', '--'),
('/*', '/*', '/*'),
('%', '%', '%'),
('`', '`', '`'),
('\\', '\\', '\\'),
('"', '"', '"'),
(';', ';', ';'),
('#', '#', '#'),
(')', ')', ')'),
('(', '(', '('),
('=', '=', '='),
('+', '+', '+'),
(',', ',', ','),
('||', '||', '||'),
('_', '_', '_'),
('@', '@', '@'),
('''', '''', ''''),
('AND', 'AND', 'AND'),
('OR', 'OR', 'OR'),
('', '', '');

SELECT Branch_name, Branch_phone_number, Branch_city FROM Branches
ORDER BY Branch_ID DESC
LIMIT 20;

-- Inventory_items.Item_name
INSERT INTO Inventory_items (Item_name, Item_cost, Item_category) VALUES
('--', 1, 1), 
('/*', 1, 1), 
('%', 1, 1), 
('`', 1, 1), 
('\\', 1, 1), 
('"', 1, 1), 
(';', 1, 1), 
('#', 1, 1), 
(')', 1, 1), 
('(', 1, 1), 
('=', 1, 1), 
('+', 1, 1), 
(',', 1, 1), 
('||', 1, 1), 
('_', 1, 1), 
('@', 1, 1), 
('''', 1, 1), 
('AND', 1, 1), 
('OR', 1, 1), 
('', 1, 1);

SELECT Item_name, Item_cost, Item_category FROM Inventory_items
ORDER BY Item_ID DESC
LIMIT 20;
*/

/* Challenging charecter after valid input (EG: '1 %' into int field) THROWS ERROR
-----------------------------------------------------------------------------------*/
/*
-- Varchar
INSERT INTO Branches (Branch_name, Branch_phone_number, Branch_city) VALUES
('--', '--', '--'),
('/*', '/*', '/*'),
('%', '%', '%'),
('`', '`', '`'),
('\\', '\\', '\\'),
('"', '"', '"'),
(';', ';', ';'),
('#', '#', '#'),
(')', ')', ')'),
('(', '(', '('),
('=', '=', '='),
('+', '+', '+'),
(',', ',', ','),
('||', '||', '||'),
('_', '_', '_'),
('@', '@', '@'),
('''', '''', ''''),
('AND', 'AND', 'AND'),
('OR', 'OR', 'OR'),
('', '', '');

SELECT Branch_name, Branch_phone_number, Branch_city FROM Branches
ORDER BY Branch_ID DESC
LIMIT 20;

-- ID field
INSERT INTO Branches (Branch_ID, Branch_name, Branch_phone_number, Branch_city) VALUES  ('1000 --', 1, 1, 1);
INSERT INTO Branches (Branch_ID, Branch_name, Branch_phone_number, Branch_city) VALUES  ('1001 /*', 1, 1, 1);
INSERT INTO Branches (Branch_ID, Branch_name, Branch_phone_number, Branch_city) VALUES  ('1002 %', 1, 1, 1);
INSERT INTO Branches (Branch_ID, Branch_name, Branch_phone_number, Branch_city) VALUES  ('1003 `', 1, 1, 1);
INSERT INTO Branches (Branch_ID, Branch_name, Branch_phone_number, Branch_city) VALUES  ('1004 \\', 1, 1, 1);
INSERT INTO Branches (Branch_ID, Branch_name, Branch_phone_number, Branch_city) VALUES  ('1005 "', 1, 1, 1);
INSERT INTO Branches (Branch_ID, Branch_name, Branch_phone_number, Branch_city) VALUES  ('1006 ;', 1, 1, 1);
INSERT INTO Branches (Branch_ID, Branch_name, Branch_phone_number, Branch_city) VALUES  ('1007 #', 1, 1, 1);
INSERT INTO Branches (Branch_ID, Branch_name, Branch_phone_number, Branch_city) VALUES  ('1008 )', 1, 1, 1);
INSERT INTO Branches (Branch_ID, Branch_name, Branch_phone_number, Branch_city) VALUES  ('1009 (', 1, 1, 1);
INSERT INTO Branches (Branch_ID, Branch_name, Branch_phone_number, Branch_city) VALUES  ('1010 =', 1, 1, 1);
INSERT INTO Branches (Branch_ID, Branch_name, Branch_phone_number, Branch_city) VALUES  ('1011 +', 1, 1, 1);
INSERT INTO Branches (Branch_ID, Branch_name, Branch_phone_number, Branch_city) VALUES  ('1012 +', 1, 1, 1);
INSERT INTO Branches (Branch_ID, Branch_name, Branch_phone_number, Branch_city) VALUES  ('1013 ,', 1, 1, 1);
INSERT INTO Branches (Branch_ID, Branch_name, Branch_phone_number, Branch_city) VALUES  ('1014 ||', 1, 1, 1);
INSERT INTO Branches (Branch_ID, Branch_name, Branch_phone_number, Branch_city) VALUES  ('1015 _', 1, 1, 1);
INSERT INTO Branches (Branch_ID, Branch_name, Branch_phone_number, Branch_city) VALUES  ('1016 @', 1, 1, 1);
INSERT INTO Branches (Branch_ID, Branch_name, Branch_phone_number, Branch_city) VALUES  ('1017 ''', 1, 1, 1);
INSERT INTO Branches (Branch_ID, Branch_name, Branch_phone_number, Branch_city) VALUES  ('1018 AND', 1, 1, 1);
INSERT INTO Branches (Branch_ID, Branch_name, Branch_phone_number, Branch_city) VALUES  ('1019 OR', 1, 1, 1);
INSERT INTO Branches (Branch_ID, Branch_name, Branch_phone_number, Branch_city) VALUES  ('1020 ', 1, 1, 1);

SELECT Branch_ID FROM Branches
ORDER BY Branch_ID DESC
LIMIT 20;

-- Intager field
INSERT INTO Delivery_items (Delivery_ID, Item_ID, Item_quantity) VALUES (1000, 1, '1 --');
INSERT INTO Delivery_items (Delivery_ID, Item_ID, Item_quantity) VALUES (1000, 1, '1 /*');
INSERT INTO Delivery_items (Delivery_ID, Item_ID, Item_quantity) VALUES (1000, 1, '1 %');
INSERT INTO Delivery_items (Delivery_ID, Item_ID, Item_quantity) VALUES (1000, 1, '1 `');
INSERT INTO Delivery_items (Delivery_ID, Item_ID, Item_quantity) VALUES (1000, 1, '1 \\');
INSERT INTO Delivery_items (Delivery_ID, Item_ID, Item_quantity) VALUES (1000, 1, '1 "');
INSERT INTO Delivery_items (Delivery_ID, Item_ID, Item_quantity) VALUES (1000, 1, '1 ;');
INSERT INTO Delivery_items (Delivery_ID, Item_ID, Item_quantity) VALUES (1000, 1, '1 #');
INSERT INTO Delivery_items (Delivery_ID, Item_ID, Item_quantity) VALUES (1000, 1, '1 )');
INSERT INTO Delivery_items (Delivery_ID, Item_ID, Item_quantity) VALUES (1000, 1, '1 (');
INSERT INTO Delivery_items (Delivery_ID, Item_ID, Item_quantity) VALUES (1000, 1, '1 =');
INSERT INTO Delivery_items (Delivery_ID, Item_ID, Item_quantity) VALUES (1000, 1, '1 +');
INSERT INTO Delivery_items (Delivery_ID, Item_ID, Item_quantity) VALUES (1000, 1, '1 ,');
INSERT INTO Delivery_items (Delivery_ID, Item_ID, Item_quantity) VALUES (1000, 1, '1 ||');
INSERT INTO Delivery_items (Delivery_ID, Item_ID, Item_quantity) VALUES (1000, 1, '1 _');
INSERT INTO Delivery_items (Delivery_ID, Item_ID, Item_quantity) VALUES (1000, 1, '1 @');
INSERT INTO Delivery_items (Delivery_ID, Item_ID, Item_quantity) VALUES (1000, 1, '1 ''');
INSERT INTO Delivery_items (Delivery_ID, Item_ID, Item_quantity) VALUES (1000, 1, '1 AND');
INSERT INTO Delivery_items (Delivery_ID, Item_ID, Item_quantity) VALUES (1000, 1, '1 OR');
INSERT INTO Delivery_items (Delivery_ID, Item_ID, Item_quantity) VALUES (1000, 1, '1 ');

SELECT Item_quantity FROM Delivery_items
ORDER BY Delivery_ID DESC
LIMIT 20;

-- Enum field
INSERT INTO Inventory_items (Item_name, Item_cost, Item_category) VALUES ('1', '1', 'Product --');
INSERT INTO Inventory_items (Item_name, Item_cost, Item_category) VALUES ('1', '1', 'Product /*');
INSERT INTO Inventory_items (Item_name, Item_cost, Item_category) VALUES ('1', '1', 'Product %');
INSERT INTO Inventory_items (Item_name, Item_cost, Item_category) VALUES ('1', '1', 'Product `');
INSERT INTO Inventory_items (Item_name, Item_cost, Item_category) VALUES ('1', '1', 'Product \\');
INSERT INTO Inventory_items (Item_name, Item_cost, Item_category) VALUES ('1', '1', 'Product "');
INSERT INTO Inventory_items (Item_name, Item_cost, Item_category) VALUES ('1', '1', 'Product ;');
INSERT INTO Inventory_items (Item_name, Item_cost, Item_category) VALUES ('1', '1', 'Product #');
INSERT INTO Inventory_items (Item_name, Item_cost, Item_category) VALUES ('1', '1', 'Product )');
INSERT INTO Inventory_items (Item_name, Item_cost, Item_category) VALUES ('1', '1', 'Product (');
INSERT INTO Inventory_items (Item_name, Item_cost, Item_category) VALUES ('1', '1', 'Product =');
INSERT INTO Inventory_items (Item_name, Item_cost, Item_category) VALUES ('1', '1', 'Product +');
INSERT INTO Inventory_items (Item_name, Item_cost, Item_category) VALUES ('1', '1', 'Product ,');
INSERT INTO Inventory_items (Item_name, Item_cost, Item_category) VALUES ('1', '1', 'Product ||');
INSERT INTO Inventory_items (Item_name, Item_cost, Item_category) VALUES ('1', '1', 'Product _');
INSERT INTO Inventory_items (Item_name, Item_cost, Item_category) VALUES ('1', '1', 'Product @');
INSERT INTO Inventory_items (Item_name, Item_cost, Item_category) VALUES ('1', '1', 'Product ''');
INSERT INTO Inventory_items (Item_name, Item_cost, Item_category) VALUES ('1', '1', 'Product AND');
INSERT INTO Inventory_items (Item_name, Item_cost, Item_category) VALUES ('1', '1', 'Product OR');
INSERT INTO Inventory_items (Item_name, Item_cost, Item_category) VALUES ('1', '1', 'Product ');

SELECT Item_category FROM Inventory_items
ORDER BY Item_ID DESC
LIMIT 20;

-- Decimal field
INSERT INTO Products (Item_ID, Product_price, Product_category) VALUES (1, '1.2 --', 'Cake');
INSERT INTO Products (Item_ID, Product_price, Product_category) VALUES (1, '1.2 /*', 'Cake');
INSERT INTO Products (Item_ID, Product_price, Product_category) VALUES (1, '1.2 %', 'Cake');
INSERT INTO Products (Item_ID, Product_price, Product_category) VALUES (1, '1.2 `', 'Cake');
INSERT INTO Products (Item_ID, Product_price, Product_category) VALUES (1, '1.2 \\', 'Cake');
INSERT INTO Products (Item_ID, Product_price, Product_category) VALUES (1, '1.2 "', 'Cake');
INSERT INTO Products (Item_ID, Product_price, Product_category) VALUES (1, '1.2 ;', 'Cake');
INSERT INTO Products (Item_ID, Product_price, Product_category) VALUES (1, '1.2 #', 'Cake');
INSERT INTO Products (Item_ID, Product_price, Product_category) VALUES (1, '1.2 )', 'Cake');
INSERT INTO Products (Item_ID, Product_price, Product_category) VALUES (1, '1.2 (', 'Cake')
INSERT INTO Products (Item_ID, Product_price, Product_category) VALUES (1, '1.2 =', 'Cake');
INSERT INTO Products (Item_ID, Product_price, Product_category) VALUES (1, '1.2 +', 'Cake');
INSERT INTO Products (Item_ID, Product_price, Product_category) VALUES (1, '1.2 ,', 'Cake');
INSERT INTO Products (Item_ID, Product_price, Product_category) VALUES (1, '1.2 ||', 'Cake');
INSERT INTO Products (Item_ID, Product_price, Product_category) VALUES (1, '1.2 _', 'Cake');
INSERT INTO Products (Item_ID, Product_price, Product_category) VALUES (1, '1.2 @', 'Cake');
INSERT INTO Products (Item_ID, Product_price, Product_category) VALUES (1, '1.2 ''', 'Cake');
INSERT INTO Products (Item_ID, Product_price, Product_category) VALUES (1, '1.2 AND', 'Cake');
INSERT INTO Products (Item_ID, Product_price, Product_category) VALUES (1, '1.2 OR', 'Cake');
INSERT INTO Products (Item_ID, Product_price, Product_category) VALUES (1, '1.2 ', 'Cake');

SELECT Product_price FROM Products
ORDER BY Product_ID DESC
LIMIT 20;

-- Boolean field
INSERT INTO Sale_products (Sale_ID, Product_ID, Product_quantity, Is_deleted) VALUES (1000, 1, 1, '1 --');
INSERT INTO Sale_products (Sale_ID, Product_ID, Product_quantity, Is_deleted) VALUES (1000, 1, 1, '1 /*');
INSERT INTO Sale_products (Sale_ID, Product_ID, Product_quantity, Is_deleted) VALUES (1000, 1, 1, '1 %');
INSERT INTO Sale_products (Sale_ID, Product_ID, Product_quantity, Is_deleted) VALUES (1000, 1, 1, '1 `');
INSERT INTO Sale_products (Sale_ID, Product_ID, Product_quantity, Is_deleted) VALUES (1000, 1, 1, '1 \\');
INSERT INTO Sale_products (Sale_ID, Product_ID, Product_quantity, Is_deleted) VALUES (1000, 1, 1, '1 "');
INSERT INTO Sale_products (Sale_ID, Product_ID, Product_quantity, Is_deleted) VALUES (1000, 1, 1, '1 ;');
INSERT INTO Sale_products (Sale_ID, Product_ID, Product_quantity, Is_deleted) VALUES (1000, 1, 1, '1 #');
INSERT INTO Sale_products (Sale_ID, Product_ID, Product_quantity, Is_deleted) VALUES (1000, 1, 1, '1 )');
INSERT INTO Sale_products (Sale_ID, Product_ID, Product_quantity, Is_deleted) VALUES (1000, 1, 1, '1 (');
INSERT INTO Sale_products (Sale_ID, Product_ID, Product_quantity, Is_deleted) VALUES (1000, 1, 1, '1 =');
INSERT INTO Sale_products (Sale_ID, Product_ID, Product_quantity, Is_deleted) VALUES (1000, 1, 1, '1 +');
INSERT INTO Sale_products (Sale_ID, Product_ID, Product_quantity, Is_deleted) VALUES (1000, 1, 1, '1 ,');
INSERT INTO Sale_products (Sale_ID, Product_ID, Product_quantity, Is_deleted) VALUES (1000, 1, 1, '1 ||');
INSERT INTO Sale_products (Sale_ID, Product_ID, Product_quantity, Is_deleted) VALUES (1000, 1, 1, '1 _');
INSERT INTO Sale_products (Sale_ID, Product_ID, Product_quantity, Is_deleted) VALUES (1000, 1, 1, '1 @');
INSERT INTO Sale_products (Sale_ID, Product_ID, Product_quantity, Is_deleted) VALUES (1000, 1, 1, '1 ''');
INSERT INTO Sale_products (Sale_ID, Product_ID, Product_quantity, Is_deleted) VALUES (1000, 1, 1, '1 AND');
INSERT INTO Sale_products (Sale_ID, Product_ID, Product_quantity, Is_deleted) VALUES (1000, 1, 1, '1 OR');
INSERT INTO Sale_products (Sale_ID, Product_ID, Product_quantity, Is_deleted) VALUES (1000, 1, 1, '1 ');


SELECT Sale_ID, Is_deleted FROM Sale_products
ORDER BY Sale_ID DESC
LIMIT 20;

-- Timestamp field
INSERT INTO Sales (Sale_ID, Branch_ID, Sale_date_time, Is_card_payment) VALUES (1000, 1, '2001-01-22 12:33:11 --', 1);
INSERT INTO Sales (Sale_ID, Branch_ID, Sale_date_time, Is_card_payment) VALUES (1000, 1, '2001-01-22 12:33:11 /*', 1);
INSERT INTO Sales (Sale_ID, Branch_ID, Sale_date_time, Is_card_payment) VALUES (1000, 1, '2001-01-22 12:33:11 %', 1);
INSERT INTO Sales (Sale_ID, Branch_ID, Sale_date_time, Is_card_payment) VALUES (1000, 1, '2001-01-22 12:33:11 `', 1);
INSERT INTO Sales (Sale_ID, Branch_ID, Sale_date_time, Is_card_payment) VALUES (1000, 1, '2001-01-22 12:33:11 \\', 1);
INSERT INTO Sales (Sale_ID, Branch_ID, Sale_date_time, Is_card_payment) VALUES (1000, 1, '2001-01-22 12:33:11 "', 1);
INSERT INTO Sales (Sale_ID, Branch_ID, Sale_date_time, Is_card_payment) VALUES (1000, 1, '2001-01-22 12:33:11 ;', 1);
INSERT INTO Sales (Sale_ID, Branch_ID, Sale_date_time, Is_card_payment) VALUES (1000, 1, '2001-01-22 12:33:11 #', 1);
INSERT INTO Sales (Sale_ID, Branch_ID, Sale_date_time, Is_card_payment) VALUES (1000, 1, '2001-01-22 12:33:11 )', 1);
INSERT INTO Sales (Sale_ID, Branch_ID, Sale_date_time, Is_card_payment) VALUES (1000, 1, '2001-01-22 12:33:11 (', 1);
INSERT INTO Sales (Sale_ID, Branch_ID, Sale_date_time, Is_card_payment) VALUES (1000, 1, '2001-01-22 12:33:11 =', 1);
INSERT INTO Sales (Sale_ID, Branch_ID, Sale_date_time, Is_card_payment) VALUES (1000, 1, '2001-01-22 12:33:11 +', 1);
INSERT INTO Sales (Sale_ID, Branch_ID, Sale_date_time, Is_card_payment) VALUES (1000, 1, '2001-01-22 12:33:11 ,', 1);
INSERT INTO Sales (Sale_ID, Branch_ID, Sale_date_time, Is_card_payment) VALUES (1000, 1, '2001-01-22 12:33:11 ||', 1);
INSERT INTO Sales (Sale_ID, Branch_ID, Sale_date_time, Is_card_payment) VALUES (1000, 1, '2001-01-22 12:33:11 _', 1);
INSERT INTO Sales (Sale_ID, Branch_ID, Sale_date_time, Is_card_payment) VALUES (1000, 1, '2001-01-22 12:33:11 @', 1);
INSERT INTO Sales (Sale_ID, Branch_ID, Sale_date_time, Is_card_payment) VALUES (1000, 1, '2001-01-22 12:33:11 ''', 1);
INSERT INTO Sales (Sale_ID, Branch_ID, Sale_date_time, Is_card_payment) VALUES (1000, 1, '2001-01-22 12:33:11 AND', 1);
INSERT INTO Sales (Sale_ID, Branch_ID, Sale_date_time, Is_card_payment) VALUES (1000, 1, '2001-01-22 12:33:11 OR', 1);
INSERT INTO Sales (Sale_ID, Branch_ID, Sale_date_time, Is_card_payment) VALUES (1000, 1, '2001-01-22 12:33:11 ', 1);

SELECT Sale_ID, Sale_date_time FROM Sales
ORDER BY Sale_ID DESC
LIMIT 20;
*/

/* Parameterized stored procedures callable by users
-----------------------------------------------------------------------------------*/

/*
-- Products made
CALL Products_made ('1 --', '1 --', '1 --');
CALL Products_made ('1 /*', '1 /*', '1 /*');
CALL Products_made ('1 %', '1 %', '1 %');
CALL Products_made ('1 `', '1 `', '1 `');
CALL Products_made ('1 \\', '1 \\', '1 \\');
CALL Products_made ('1 "', '1 "', '1 "');
CALL Products_made ('1 ;', '1 ;', '1 ;');
CALL Products_made ('1 #', '1 #', '1 #');
CALL Products_made ('1 )', '1 )', '1 )');
CALL Products_made ('1 (', '1 (', '1 (');
CALL Products_made ('1 =', '1 =', '1 =');
CALL Products_made ('1 +', '1 +', '1 +');
CALL Products_made ('1 ,', '1 ,', '1 ,');
CALL Products_made ('1 ||', '1 ||', '1 ||');
CALL Products_made ('1 _', '1 _', '1 _');
CALL Products_made ('1 @', '1 @', '1 @');
CALL Products_made ('1 ''', '1 ''', '1 ''');
CALL Products_made ('1 AND', '1 AND', '1 AND');
CALL Products_made ('1 OR', '1 OR', '1 OR');
CALL Products_made ('1 ', '1 ', '1 ');
*/